Date,Adj Close,Close,High,Low,Open,Volume
2019-11-14 00:00:00+00:00,5.22,5.24,5.25,5.16,5.22,518080000.00
2019-11-15 00:00:00+00:00,5.08,5.10,5.29,5.02,5.24,1053628000.00
2019-11-18 00:00:00+00:00,5.28,5.31,5.33,5.09,5.10,574588000.00
2019-11-19 00:00:00+00:00,5.17,5.20,5.30,5.14,5.28,414564000.00
2019-11-20 00:00:00+00:00,5.25,5.28,5.36,5.16,5.18,472588000.00
2019-11-21 00:00:00+00:00,5.23,5.25,5.33,5.23,5.28,288388000.00
2019-11-22 00:00:00+00:00,5.25,5.27,5.32,5.25,5.28,224100000.00
2019-11-25 00:00:00+00:00,5.50,5.53,5.54,5.39,5.40,506476000.00
2019-11-26 00:00:00+00:00,5.40,5.43,5.52,5.42,5.51,385244000.00
2019-11-27 00:00:00+00:00,5.43,5.46,5.50,5.43,5.47,215784000.00
2019-11-29 00:00:00+00:00,5.40,5.42,5.45,5.39,5.43,141556000.00
2019-12-02 00:00:00+00:00,5.21,5.23,5.43,5.22,5.41,372036000.00
2019-12-03 00:00:00+00:00,5.17,5.19,5.20,5.01,5.05,465232000.00
2019-12-04 00:00:00+00:00,5.21,5.24,5.30,5.21,5.28,273424000.00
2019-12-05 00:00:00+00:00,5.20,5.22,5.27,5.19,5.26,184884000.00
2019-12-06 00:00:00+00:00,5.28,5.30,5.34,5.28,5.29,232236000.00
2019-12-09 00:00:00+00:00,5.28,5.30,5.36,5.27,5.28,211880000.00
2019-12-10 00:00:00+00:00,5.33,5.35,5.40,5.28,5.33,256388000.00
2019-12-11 00:00:00+00:00,5.41,5.43,5.44,5.36,5.36,233796000.00
2019-12-12 00:00:00+00:00,5.58,5.60,5.62,5.40,5.40,404348000.00
2019-12-13 00:00:00+00:00,5.58,5.60,5.72,5.55,5.60,454704000.00
2019-12-16 00:00:00+00:00,5.61,5.63,5.70,5.62,5.65,320976000.00
2019-12-17 00:00:00+00:00,5.68,5.71,5.73,5.64,5.65,321196000.00
2019-12-18 00:00:00+00:00,5.71,5.74,5.80,5.73,5.74,343548000.00
2019-12-19 00:00:00+00:00,5.86,5.89,5.90,5.77,5.77,445360000.00
2019-12-20 00:00:00+00:00,5.96,5.98,6.01,5.93,5.95,603044000.00
2019-12-23 00:00:00+00:00,5.95,5.97,6.05,5.96,6.01,355060000.00
2019-12-24 00:00:00+00:00,5.94,5.97,5.98,5.92,5.95,138864000.00
2019-12-26 00:00:00+00:00,5.96,5.98,6.01,5.95,5.97,182852000.00
2019-12-27 00:00:00+00:00,5.90,5.92,6.01,5.90,5.99,254644000.00
2019-12-30 00:00:00+00:00,5.78,5.81,5.91,5.78,5.90,258056000.00
2019-12-31 00:00:00+00:00,5.86,5.88,5.89,5.75,5.77,231004000.00
2020-01-02 00:00:00+00:00,5.97,6.00,6.00,5.92,5.97,237536000.00
2020-01-03 00:00:00+00:00,5.88,5.90,5.95,5.85,5.88,205384000.00
2020-01-06 00:00:00+00:00,5.90,5.93,5.93,5.78,5.81,262636000.00
2020-01-07 00:00:00+00:00,5.97,6.00,6.04,5.91,5.95,314856000.00
2020-01-08 00:00:00+00:00,5.98,6.01,6.05,5.95,5.99,277108000.00
2020-01-09 00:00:00+00:00,6.05,6.08,6.15,6.02,6.10,255112000.00
2020-01-10 00:00:00+00:00,6.08,6.11,6.21,6.09,6.18,316296000.00
2020-01-13 00:00:00+00:00,6.27,6.30,6.32,6.17,6.19,319840000.00
2020-01-14 00:00:00+00:00,6.16,6.18,6.28,6.17,6.26,359088000.00
2020-01-15 00:00:00+00:00,6.11,6.14,6.22,6.11,6.19,263104000.00
2020-01-16 00:00:00+00:00,6.20,6.22,6.23,6.17,6.19,284192000.00
2020-01-17 00:00:00+00:00,6.21,6.23,6.25,6.18,6.24,253792000.00
2020-01-21 00:00:00+00:00,6.17,6.20,6.23,6.16,6.20,217916000.00
2020-01-22 00:00:00+00:00,6.23,6.25,6.34,6.22,6.24,239240000.00
2020-01-23 00:00:00+00:00,6.30,6.32,6.33,6.20,6.29,244516000.00
2020-01-24 00:00:00+00:00,6.24,6.26,6.49,6.21,6.44,373512000.00
2020-01-27 00:00:00+00:00,5.98,6.01,6.06,5.81,5.96,470536000.00
2020-01-28 00:00:00+00:00,6.17,6.20,6.23,6.02,6.07,310976000.00
2020-01-29 00:00:00+00:00,6.11,6.14,6.22,6.10,6.18,258848000.00
2020-01-30 00:00:00+00:00,6.12,6.15,6.16,5.99,6.04,290504000.00
2020-01-31 00:00:00+00:00,5.89,5.91,6.11,5.87,6.10,370420000.00
2020-02-03 00:00:00+00:00,5.98,6.01,6.03,5.89,5.89,255564000.00
2020-02-04 00:00:00+00:00,6.15,6.18,6.20,6.10,6.15,271544000.00
2020-02-05 00:00:00+00:00,6.24,6.27,6.31,6.19,6.30,208220000.00
2020-02-06 00:00:00+00:00,6.33,6.36,6.36,6.22,6.30,218284000.00
2020-02-07 00:00:00+00:00,6.26,6.29,6.34,6.26,6.32,189752000.00
2020-02-10 00:00:00+00:00,6.55,6.57,6.57,6.31,6.31,529608000.00
2020-02-11 00:00:00+00:00,6.67,6.70,6.81,6.62,6.68,638556000.00
2020-02-12 00:00:00+00:00,6.79,6.81,6.82,6.71,6.75,374644000.00
2020-02-13 00:00:00+00:00,6.74,6.77,6.84,6.73,6.76,528016000.00
2020-02-14 00:00:00+00:00,7.22,7.24,7.37,7.15,7.18,1041924000.00
2020-02-18 00:00:00+00:00,7.38,7.41,7.43,7.12,7.14,620164000.00
2020-02-19 00:00:00+00:00,7.84,7.87,7.89,7.54,7.54,694332000.00
2020-02-20 00:00:00+00:00,7.69,7.72,7.91,7.41,7.82,810052000.00
2020-02-21 00:00:00+00:00,7.32,7.35,7.63,7.27,7.60,768180000.00
2020-02-24 00:00:00+00:00,6.80,6.83,7.05,6.70,6.75,856916000.00
2020-02-25 00:00:00+00:00,6.52,6.55,6.97,6.45,6.91,1055496000.00
2020-02-26 00:00:00+00:00,6.66,6.69,6.89,6.55,6.55,747732000.00
2020-02-27 00:00:00+00:00,6.29,6.32,6.68,6.22,6.37,906416000.00
2020-02-28 00:00:00+00:00,6.73,6.75,6.81,6.04,6.06,1133252000.00
2020-03-02 00:00:00+00:00,6.89,6.91,6.94,6.53,6.92,890744000.00
2020-03-03 00:00:00+00:00,6.62,6.65,7.03,6.56,6.97,652792000.00
2020-03-04 00:00:00+00:00,7.09,7.11,7.12,6.68,6.76,597408000.00
2020-03-05 00:00:00+00:00,6.81,6.83,7.08,6.79,6.91,540328000.00
2020-03-06 00:00:00+00:00,6.63,6.65,6.71,6.45,6.65,515412000.00
2020-03-09 00:00:00+00:00,6.11,6.14,6.49,5.95,6.00,614160000.00
2020-03-10 00:00:00+00:00,6.50,6.53,6.53,6.15,6.41,580648000.00
2020-03-11 00:00:00+00:00,6.14,6.16,6.41,6.06,6.39,499964000.00
2020-03-12 00:00:00+00:00,5.39,5.41,5.90,5.39,5.64,816540000.00
2020-03-13 00:00:00+00:00,6.00,6.02,6.03,5.49,5.76,634836000.00
2020-03-16 00:00:00+00:00,4.89,4.91,5.65,4.85,5.31,726972000.00
2020-03-17 00:00:00+00:00,5.41,5.43,5.52,4.78,5.02,833632000.00
2020-03-18 00:00:00+00:00,5.05,5.07,5.25,4.52,5.00,874268000.00
2020-03-19 00:00:00+00:00,5.31,5.32,5.42,4.83,5.05,765512000.00
2020-03-20 00:00:00+00:00,5.13,5.14,5.76,5.13,5.47,804636000.00
2020-03-23 00:00:00+00:00,5.30,5.32,5.41,4.96,5.14,643876000.00
2020-03-24 00:00:00+00:00,6.21,6.23,6.32,5.70,5.72,1101644000.00
2020-03-25 00:00:00+00:00,6.12,6.14,6.55,6.09,6.34,793432000.00
2020-03-26 00:00:00+00:00,6.41,6.43,6.56,6.25,6.35,696108000.00
2020-03-27 00:00:00+00:00,6.30,6.32,6.58,6.22,6.25,638828000.00
2020-03-30 00:00:00+00:00,6.62,6.64,6.65,6.34,6.38,602252000.00
2020-03-31 00:00:00+00:00,6.57,6.59,6.89,6.44,6.68,949960000.00
2020-04-01 00:00:00+00:00,6.06,6.08,6.54,6.03,6.39,656912000.00
2020-04-02 00:00:00+00:00,6.36,6.39,6.40,6.06,6.11,675764000.00
2020-04-03 00:00:00+00:00,6.08,6.10,6.39,5.96,6.35,663212000.00
2020-04-06 00:00:00+00:00,6.69,6.71,6.75,6.32,6.38,727884000.00
2020-04-07 00:00:00+00:00,6.45,6.48,6.96,6.43,6.93,784520000.00
2020-04-08 00:00:00+00:00,6.65,6.67,6.70,6.51,6.59,542444000.00
2020-04-09 00:00:00+00:00,6.55,6.57,6.82,6.51,6.80,525564000.00
2020-04-13 00:00:00+00:00,6.72,6.75,6.76,6.43,6.51,398408000.00
2020-04-14 00:00:00+00:00,7.07,7.10,7.13,6.85,6.88,530948000.00
2020-04-15 00:00:00+00:00,7.00,7.02,7.10,6.88,6.93,366148000.00
2020-04-16 00:00:00+00:00,7.34,7.37,7.47,7.16,7.18,745620000.00
2020-04-17 00:00:00+00:00,7.28,7.31,7.47,7.17,7.45,539120000.00
2020-04-20 00:00:00+00:00,7.15,7.18,7.34,7.13,7.18,449388000.00
2020-04-21 00:00:00+00:00,6.71,6.74,7.12,6.68,7.06,735160000.00
2020-04-22 00:00:00+00:00,7.13,7.15,7.20,6.89,6.93,483356000.00
2020-04-23 00:00:00+00:00,7.08,7.10,7.33,7.07,7.20,424160000.00
2020-04-24 00:00:00+00:00,7.21,7.24,7.24,7.01,7.09,352328000.00
2020-04-27 00:00:00+00:00,7.40,7.43,7.59,7.35,7.37,479388000.00
2020-04-28 00:00:00+00:00,7.26,7.28,7.61,7.28,7.57,442904000.00
2020-04-29 00:00:00+00:00,7.44,7.46,7.51,7.34,7.42,379160000.00
2020-04-30 00:00:00+00:00,7.28,7.31,7.46,7.29,7.41,375916000.00
2020-05-01 00:00:00+00:00,7.04,7.07,7.22,7.02,7.11,342096000.00
2020-05-04 00:00:00+00:00,7.26,7.28,7.30,7.02,7.02,317556000.00
2020-05-05 00:00:00+00:00,7.32,7.34,7.51,7.28,7.39,368896000.00
2020-05-06 00:00:00+00:00,7.42,7.44,7.55,7.39,7.42,323464000.00
2020-05-07 00:00:00+00:00,7.59,7.62,7.69,7.53,7.58,373732000.00
2020-05-08 00:00:00+00:00,7.79,7.81,7.82,7.66,7.69,339216000.00
2020-05-11 00:00:00+00:00,8.04,8.07,8.11,7.78,7.81,469060000.00
2020-05-12 00:00:00+00:00,7.78,7.80,8.17,7.79,8.12,493060000.00
2020-05-13 00:00:00+00:00,7.75,7.78,8.08,7.59,7.92,625852000.00
2020-05-14 00:00:00+00:00,8.00,8.03,8.04,7.69,7.84,602312000.00
2020-05-15 00:00:00+00:00,8.46,8.49,8.50,7.87,7.89,987660000.00
2020-05-18 00:00:00+00:00,8.72,8.75,8.92,8.68,8.76,774460000.00
2020-05-19 00:00:00+00:00,8.77,8.81,9.09,8.76,8.79,717320000.00
2020-05-20 00:00:00+00:00,8.94,8.97,9.04,8.89,8.99,587536000.00
2020-05-21 00:00:00+00:00,8.74,8.78,9.05,8.74,9.05,761068000.00
2020-05-22 00:00:00+00:00,8.99,9.03,9.09,8.71,8.83,1038764000.00
2020-05-26 00:00:00+00:00,8.69,8.72,9.18,8.67,9.16,770780000.00
2020-05-27 00:00:00+00:00,8.50,8.53,8.63,8.00,8.63,1175892000.00
2020-05-28 00:00:00+00:00,8.46,8.49,8.76,8.38,8.41,734896000.00
2020-05-29 00:00:00+00:00,8.84,8.88,8.88,8.48,8.55,745256000.00
2020-06-01 00:00:00+00:00,8.78,8.81,8.84,8.69,8.83,389876000.00
2020-06-02 00:00:00+00:00,8.79,8.83,8.84,8.66,8.80,391320000.00
2020-06-03 00:00:00+00:00,8.74,8.77,8.87,8.70,8.82,365440000.00
2020-06-04 00:00:00+00:00,8.74,8.77,8.94,8.68,8.73,424280000.00
2020-06-05 00:00:00+00:00,8.89,8.92,9.00,8.71,8.79,481748000.00
2020-06-08 00:00:00+00:00,8.78,8.81,8.89,8.69,8.88,387736000.00
2020-06-09 00:00:00+00:00,9.02,9.05,9.11,8.75,8.80,468488000.00
2020-06-10 00:00:00+00:00,9.34,9.37,9.50,9.15,9.17,632180000.00
2020-06-11 00:00:00+00:00,8.77,8.80,9.26,8.79,9.15,583652000.00
2020-06-12 00:00:00+00:00,8.91,8.93,9.19,8.70,9.16,570908000.00
2020-06-15 00:00:00+00:00,9.15,9.17,9.18,8.74,8.82,400004000.00
2020-06-16 00:00:00+00:00,9.04,9.07,9.27,8.84,9.23,535716000.00
2020-06-17 00:00:00+00:00,9.21,9.24,9.30,9.07,9.11,408304000.00
2020-06-18 00:00:00+00:00,9.19,9.22,9.28,9.11,9.23,254408000.00
2020-06-19 00:00:00+00:00,9.23,9.26,9.44,9.23,9.24,524160000.00
2020-06-22 00:00:00+00:00,9.50,9.53,9.53,9.27,9.30,398468000.00
2020-06-23 00:00:00+00:00,9.42,9.45,9.64,9.41,9.55,375108000.00
2020-06-24 00:00:00+00:00,9.21,9.24,9.56,9.14,9.48,449372000.00
2020-06-25 00:00:00+00:00,9.46,9.49,9.51,9.18,9.36,376072000.00
2020-06-26 00:00:00+00:00,9.13,9.15,9.50,9.13,9.50,592084000.00
2020-06-29 00:00:00+00:00,9.17,9.20,9.20,8.90,9.17,342248000.00
2020-06-30 00:00:00+00:00,9.47,9.50,9.53,9.27,9.31,367892000.00
2020-07-01 00:00:00+00:00,9.50,9.53,9.58,9.41,9.52,326648000.00
2020-07-02 00:00:00+00:00,9.58,9.61,9.74,9.58,9.64,364056000.00
2020-07-06 00:00:00+00:00,9.81,9.84,9.91,9.71,9.74,315892000.00
2020-07-07 00:00:00+00:00,9.84,9.87,10.07,9.85,9.95,357800000.00
2020-07-08 00:00:00+00:00,10.18,10.22,10.23,9.97,9.99,365480000.00
2020-07-09 00:00:00+00:00,10.48,10.51,10.57,10.23,10.38,494548000.00
2020-07-10 00:00:00+00:00,10.45,10.48,10.66,10.38,10.59,497676000.00
2020-07-13 00:00:00+00:00,10.02,10.05,10.79,10.02,10.60,457076000.00
2020-07-14 00:00:00+00:00,10.35,10.38,10.40,9.79,10.07,542676000.00
2020-07-15 00:00:00+00:00,10.20,10.23,10.43,10.06,10.41,403984000.00
2020-07-16 00:00:00+00:00,10.10,10.13,10.21,9.90,10.02,344964000.00
2020-07-17 00:00:00+00:00,10.17,10.20,10.25,10.09,10.23,266284000.00
2020-07-20 00:00:00+00:00,10.48,10.51,10.53,10.16,10.27,284852000.00
2020-07-21 00:00:00+00:00,10.30,10.33,10.56,10.29,10.51,277036000.00
2020-07-22 00:00:00+00:00,10.41,10.44,10.60,10.29,10.37,367292000.00
2020-07-23 00:00:00+00:00,10.10,10.13,10.55,10.03,10.45,411660000.00
2020-07-24 00:00:00+00:00,10.16,10.19,10.36,9.78,9.88,473292000.00
2020-07-27 00:00:00+00:00,10.39,10.42,10.44,10.22,10.23,292132000.00
2020-07-28 00:00:00+00:00,10.18,10.22,10.38,10.21,10.37,271636000.00
2020-07-29 00:00:00+00:00,10.43,10.47,10.52,10.35,10.39,284508000.00
2020-07-30 00:00:00+00:00,10.58,10.61,10.62,10.30,10.38,308880000.00
2020-07-31 00:00:00+00:00,10.58,10.61,10.77,10.43,10.56,386080000.00
2020-08-03 00:00:00+00:00,10.98,11.01,11.10,10.72,10.73,412720000.00
2020-08-04 00:00:00+00:00,11.19,11.23,11.23,10.91,11.05,310336000.00
2020-08-05 00:00:00+00:00,11.25,11.29,11.37,11.17,11.24,249924000.00
2020-08-06 00:00:00+00:00,11.30,11.34,11.36,11.18,11.35,244316000.00
2020-08-07 00:00:00+00:00,11.17,11.20,11.50,11.04,11.31,342516000.00
2020-08-10 00:00:00+00:00,11.13,11.16,11.41,10.86,11.33,427796000.00
2020-08-11 00:00:00+00:00,10.82,10.85,11.14,10.80,11.07,354512000.00
2020-08-12 00:00:00+00:00,11.41,11.44,11.47,10.96,10.99,464412000.00
2020-08-13 00:00:00+00:00,11.41,11.44,11.72,11.36,11.55,374460000.00
2020-08-14 00:00:00+00:00,11.53,11.56,11.70,11.44,11.53,366436000.00
2020-08-17 00:00:00+00:00,12.30,12.34,12.41,11.82,11.85,621300000.00
2020-08-18 00:00:00+00:00,12.22,12.26,12.50,12.09,12.45,503448000.00
2020-08-19 00:00:00+00:00,12.10,12.14,12.31,12.10,12.30,622624000.00
2020-08-20 00:00:00+00:00,12.10,12.14,12.38,11.88,11.98,921388000.00
2020-08-21 00:00:00+00:00,12.64,12.68,12.81,12.20,12.20,999868000.00
2020-08-24 00:00:00+00:00,12.68,12.72,12.91,12.51,12.88,490564000.00
2020-08-25 00:00:00+00:00,12.71,12.75,12.76,12.57,12.63,289076000.00
2020-08-26 00:00:00+00:00,12.73,12.77,12.87,12.68,12.80,321244000.00
2020-08-27 00:00:00+00:00,12.59,12.63,12.85,12.57,12.78,317604000.00
2020-08-28 00:00:00+00:00,13.11,13.15,13.15,12.64,12.68,537160000.00
2020-08-31 00:00:00+00:00,13.33,13.37,13.57,13.04,13.18,500840000.00
2020-09-01 00:00:00+00:00,13.78,13.82,13.99,13.44,13.48,511316000.00
2020-09-02 00:00:00+00:00,14.31,14.35,14.73,13.90,14.70,874012000.00
2020-09-03 00:00:00+00:00,12.98,13.02,13.88,12.88,13.83,945128000.00
2020-09-04 00:00:00+00:00,12.59,12.62,13.18,11.70,12.78,1463684000.00
2020-09-08 00:00:00+00:00,11.88,11.91,12.55,11.70,11.73,795728000.00
2020-09-09 00:00:00+00:00,12.68,12.72,12.81,12.23,12.40,736200000.00
2020-09-10 00:00:00+00:00,12.28,12.31,13.07,12.17,12.99,698684000.00
2020-09-11 00:00:00+00:00,12.13,12.16,12.65,11.90,12.49,636928000.00
2020-09-14 00:00:00+00:00,12.84,12.87,13.31,12.63,13.08,1201744000.00
2020-09-15 00:00:00+00:00,12.96,12.99,13.30,12.83,13.28,727556000.00
2020-09-16 00:00:00+00:00,12.48,12.51,13.09,12.51,12.96,556384000.00
2020-09-17 00:00:00+00:00,12.43,12.46,12.59,12.03,12.13,792512000.00
2020-09-18 00:00:00+00:00,12.16,12.19,12.63,11.99,12.59,698460000.00
2020-09-21 00:00:00+00:00,12.48,12.52,12.52,11.90,11.93,721044000.00
2020-09-22 00:00:00+00:00,12.60,12.64,12.65,12.16,12.57,646452000.00
2020-09-23 00:00:00+00:00,12.09,12.12,12.73,12.08,12.58,647012000.00
2020-09-24 00:00:00+00:00,12.31,12.35,12.57,12.01,12.07,731240000.00
2020-09-25 00:00:00+00:00,12.84,12.87,12.88,12.25,12.45,588016000.00
2020-09-28 00:00:00+00:00,13.00,13.03,13.05,12.75,13.04,573808000.00
2020-09-29 00:00:00+00:00,13.19,13.23,13.44,12.93,12.94,621460000.00
2020-09-30 00:00:00+00:00,13.49,13.53,13.62,13.15,13.16,689184000.00
2020-10-01 00:00:00+00:00,13.58,13.61,13.76,13.46,13.76,525004000.00
2020-10-02 00:00:00+00:00,13.03,13.06,13.52,13.05,13.23,552496000.00
2020-10-05 00:00:00+00:00,13.60,13.64,13.64,13.22,13.24,479820000.00
2020-10-06 00:00:00+00:00,13.70,13.74,14.14,13.66,13.83,784420000.00
2020-10-07 00:00:00+00:00,13.93,13.96,14.12,13.86,14.00,418084000.00
2020-10-08 00:00:00+00:00,13.80,13.84,14.08,13.76,14.07,378900000.00
2020-10-09 00:00:00+00:00,13.72,13.76,13.82,13.66,13.77,346892000.00
2020-10-12 00:00:00+00:00,14.19,14.23,14.35,13.91,13.99,434744000.00
2020-10-13 00:00:00+00:00,14.21,14.25,14.35,14.02,14.30,344604000.00
2020-10-14 00:00:00+00:00,14.06,14.10,14.34,13.96,14.29,276100000.00
2020-10-15 00:00:00+00:00,13.93,13.97,14.01,13.77,13.81,267224000.00
2020-10-16 00:00:00+00:00,13.77,13.81,14.12,13.79,14.04,242392000.00
2020-10-19 00:00:00+00:00,13.46,13.50,13.98,13.41,13.90,298068000.00
2020-10-20 00:00:00+00:00,13.61,13.65,13.80,13.51,13.58,229212000.00
2020-10-21 00:00:00+00:00,13.49,13.52,13.79,13.48,13.63,219596000.00
2020-10-22 00:00:00+00:00,13.32,13.36,13.61,13.23,13.52,290480000.00
2020-10-23 00:00:00+00:00,13.55,13.59,13.59,13.29,13.45,233484000.00
2020-10-26 00:00:00+00:00,13.11,13.14,13.69,13.04,13.43,336896000.00
2020-10-27 00:00:00+00:00,13.36,13.40,13.44,13.19,13.31,250520000.00
2020-10-28 00:00:00+00:00,12.59,12.63,13.26,12.61,13.20,376520000.00
2020-10-29 00:00:00+00:00,12.99,13.02,13.19,12.75,12.84,320080000.00
2020-10-30 00:00:00+00:00,12.50,12.53,12.94,12.30,12.85,416820000.00
2020-11-02 00:00:00+00:00,12.55,12.58,12.84,12.40,12.66,299652000.00
2020-11-03 00:00:00+00:00,12.98,13.02,13.10,12.60,12.71,272900000.00
2020-11-04 00:00:00+00:00,13.76,13.79,13.83,13.34,13.39,410228000.00
2020-11-05 00:00:00+00:00,14.12,14.16,14.34,13.99,14.16,319028000.00
2020-11-06 00:00:00+00:00,14.52,14.56,14.59,13.90,14.11,383348000.00
2020-11-09 00:00:00+00:00,13.59,13.63,14.69,13.61,14.55,582976000.00
2020-11-10 00:00:00+00:00,12.73,12.77,13.61,12.63,13.61,644068000.00
2020-11-11 00:00:00+00:00,13.38,13.42,13.44,12.95,13.05,404744000.00
2020-11-12 00:00:00+00:00,13.42,13.46,13.77,13.32,13.48,365812000.00
2020-11-13 00:00:00+00:00,13.26,13.30,13.67,13.06,13.63,346312000.00
2020-11-16 00:00:00+00:00,13.48,13.52,13.65,13.16,13.17,413776000.00
2020-11-17 00:00:00+00:00,13.39,13.42,13.60,13.30,13.55,312028000.00
2020-11-18 00:00:00+00:00,13.39,13.43,13.61,13.19,13.47,510924000.00
2020-11-19 00:00:00+00:00,13.40,13.44,13.49,13.10,13.21,565936000.00
2020-11-20 00:00:00+00:00,13.05,13.09,13.49,13.06,13.45,341088000.00
2020-11-23 00:00:00+00:00,13.10,13.14,13.38,13.02,13.17,361356000.00
2020-11-24 00:00:00+00:00,12.92,12.96,13.16,12.89,13.14,346500000.00
2020-11-25 00:00:00+00:00,13.20,13.23,13.27,13.02,13.03,259916000.00
2020-11-27 00:00:00+00:00,13.22,13.26,13.41,13.17,13.38,167276000.00
2020-11-30 00:00:00+00:00,13.36,13.40,13.41,12.97,13.27,286952000.00
2020-12-01 00:00:00+00:00,13.35,13.39,13.53,13.23,13.49,296948000.00
2020-12-02 00:00:00+00:00,13.51,13.54,13.67,13.23,13.35,283360000.00
2020-12-03 00:00:00+00:00,13.36,13.40,13.66,13.33,13.59,199520000.00
2020-12-04 00:00:00+00:00,13.52,13.56,13.56,13.39,13.45,202244000.00
2020-12-07 00:00:00+00:00,13.57,13.61,13.73,13.50,13.60,223244000.00
2020-12-08 00:00:00+00:00,13.32,13.35,13.60,13.28,13.59,271920000.00
2020-12-09 00:00:00+00:00,12.90,12.93,13.41,12.87,13.30,401300000.00
2020-12-10 00:00:00+00:00,12.94,12.97,13.07,12.85,12.87,207764000.00
2020-12-11 00:00:00+00:00,12.98,13.01,13.02,12.82,12.97,209264000.00
2020-12-14 00:00:00+00:00,13.28,13.31,13.39,13.08,13.09,270156000.00
2020-12-15 00:00:00+00:00,13.33,13.36,13.46,13.19,13.44,193016000.00
2020-12-16 00:00:00+00:00,13.21,13.24,13.44,13.21,13.42,223116000.00
2020-12-17 00:00:00+00:00,13.31,13.34,13.38,13.18,13.37,231384000.00
2020-12-18 00:00:00+00:00,13.24,13.27,13.40,13.07,13.38,342064000.00
2020-12-21 00:00:00+00:00,13.30,13.33,13.37,12.97,13.07,302332000.00
2020-12-22 00:00:00+00:00,13.25,13.28,13.34,13.05,13.32,185580000.00
2020-12-23 00:00:00+00:00,12.98,13.01,13.27,13.01,13.26,179144000.00
2020-12-24 00:00:00+00:00,12.96,12.99,13.13,12.94,13.04,97884000.00
2020-12-28 00:00:00+00:00,12.87,12.90,13.06,12.76,13.06,212564000.00
2020-12-29 00:00:00+00:00,12.91,12.94,13.07,12.84,12.93,170372000.00
2020-12-30 00:00:00+00:00,13.11,13.15,13.21,12.90,12.99,225396000.00
2020-12-31 00:00:00+00:00,13.02,13.06,13.15,12.91,13.14,192424000.00
2021-01-04 00:00:00+00:00,13.08,13.11,13.65,12.96,13.10,560640000.00
2021-01-05 00:00:00+00:00,13.37,13.40,13.44,13.09,13.10,322760000.00
2021-01-06 00:00:00+00:00,12.58,12.61,13.24,12.59,13.22,580424000.00
2021-01-07 00:00:00+00:00,13.31,13.34,13.38,12.89,12.97,461480000.00
2021-01-08 00:00:00+00:00,13.24,13.28,13.42,13.04,13.36,292528000.00
2021-01-11 00:00:00+00:00,13.59,13.62,13.96,13.36,13.42,518344000.00
2021-01-12 00:00:00+00:00,13.45,13.48,13.75,13.35,13.75,291476000.00
2021-01-13 00:00:00+00:00,13.50,13.53,13.63,13.39,13.49,210028000.00
2021-01-14 00:00:00+00:00,13.17,13.20,13.60,13.18,13.57,283120000.00
2021-01-15 00:00:00+00:00,12.83,12.86,13.33,12.85,13.23,277780000.00
2021-01-19 00:00:00+00:00,12.99,13.03,13.09,12.84,13.02,226188000.00
2021-01-20 00:00:00+00:00,13.33,13.37,13.43,13.06,13.11,258572000.00
2021-01-21 00:00:00+00:00,13.83,13.87,14.00,13.25,13.42,337780000.00
2021-01-22 00:00:00+00:00,13.68,13.71,13.84,13.63,13.74,246820000.00
2021-01-25 00:00:00+00:00,13.62,13.65,13.83,13.24,13.78,251112000.00
2021-01-26 00:00:00+00:00,13.40,13.44,13.64,13.39,13.58,163980000.00
2021-01-27 00:00:00+00:00,12.89,12.92,13.23,12.79,13.23,371272000.00
2021-01-28 00:00:00+00:00,13.02,13.05,13.34,12.96,13.00,228316000.00
2021-01-29 00:00:00+00:00,12.96,12.99,13.33,12.91,13.07,271552000.00
2021-02-01 00:00:00+00:00,13.20,13.24,13.27,12.90,13.05,217204000.00
2021-02-02 00:00:00+00:00,13.52,13.56,13.57,13.29,13.40,220440000.00
2021-02-03 00:00:00+00:00,13.50,13.53,13.93,13.52,13.64,245408000.00
2021-02-04 00:00:00+00:00,13.63,13.66,13.67,13.34,13.53,201340000.00
2021-02-05 00:00:00+00:00,13.56,13.59,13.74,13.55,13.73,169152000.00
2021-02-08 00:00:00+00:00,14.40,14.44,14.47,13.73,13.73,434624000.00
2021-02-09 00:00:00+00:00,14.23,14.26,14.58,14.22,14.34,287560000.00
2021-02-10 00:00:00+00:00,14.73,14.76,14.90,14.34,14.46,485352000.00
2021-02-11 00:00:00+00:00,15.21,15.25,15.27,14.93,14.98,450828000.00
2021-02-12 00:00:00+00:00,14.92,14.96,15.29,14.77,15.05,374756000.00
2021-02-16 00:00:00+00:00,15.29,15.33,15.37,14.95,15.06,321960000.00
2021-02-17 00:00:00+00:00,14.87,14.91,15.22,14.78,15.17,274756000.00
2021-02-18 00:00:00+00:00,14.79,14.83,14.87,14.57,14.73,233868000.00
2021-02-19 00:00:00+00:00,14.89,14.93,15.18,14.85,15.02,271724000.00
2021-02-22 00:00:00+00:00,14.32,14.36,15.13,14.32,14.77,325884000.00
2021-02-23 00:00:00+00:00,14.11,14.14,14.24,13.39,14.08,391780000.00
2021-02-24 00:00:00+00:00,14.46,14.50,14.51,13.76,14.12,448320000.00
2021-02-25 00:00:00+00:00,13.27,13.31,14.37,13.22,14.05,824436000.00
2021-02-26 00:00:00+00:00,13.68,13.71,13.85,13.36,13.75,500932000.00
2021-03-01 00:00:00+00:00,13.81,13.84,13.93,13.55,13.88,353184000.00
2021-03-02 00:00:00+00:00,13.37,13.41,13.92,13.40,13.90,264116000.00
2021-03-03 00:00:00+00:00,12.77,12.80,13.45,12.80,13.43,377592000.00
2021-03-04 00:00:00+00:00,12.34,12.37,12.98,12.08,12.80,573344000.00
2021-03-05 00:00:00+00:00,12.43,12.46,12.55,11.68,12.55,542840000.00
2021-03-08 00:00:00+00:00,11.56,11.59,12.47,11.57,12.45,543112000.00
2021-03-09 00:00:00+00:00,12.49,12.52,12.62,12.06,12.13,521824000.00
2021-03-10 00:00:00+00:00,12.44,12.47,12.98,12.46,12.84,384376000.00
2021-03-11 00:00:00+00:00,12.97,12.99,13.05,12.73,12.95,299916000.00
2021-03-12 00:00:00+00:00,12.83,12.86,12.89,12.59,12.65,243964000.00
2021-03-15 00:00:00+00:00,13.16,13.19,13.21,12.77,12.86,221988000.00
2021-03-16 00:00:00+00:00,13.26,13.29,13.51,13.12,13.36,272128000.00
2021-03-17 00:00:00+00:00,13.31,13.34,13.45,12.99,13.04,243864000.00
2021-03-18 00:00:00+00:00,12.70,12.72,13.18,12.72,13.14,293896000.00
2021-03-19 00:00:00+00:00,12.82,12.85,12.92,12.61,12.75,299208000.00
2021-03-22 00:00:00+00:00,13.16,13.19,13.39,12.91,12.91,297804000.00
2021-03-23 00:00:00+00:00,13.04,13.07,13.34,13.02,13.25,222048000.00
2021-03-24 00:00:00+00:00,12.62,12.64,13.16,12.64,13.15,245840000.00
2021-03-25 00:00:00+00:00,12.51,12.54,12.71,12.27,12.50,295144000.00
2021-03-26 00:00:00+00:00,12.81,12.84,12.86,12.37,12.55,363968000.00
2021-03-29 00:00:00+00:00,12.92,12.95,13.06,12.70,12.82,273520000.00
2021-03-30 00:00:00+00:00,12.84,12.87,12.98,12.70,12.84,200204000.00
2021-03-31 00:00:00+00:00,13.32,13.35,13.47,12.98,13.02,314776000.00
2021-04-01 00:00:00+00:00,13.78,13.81,13.87,13.51,13.57,308276000.00
2021-04-05 00:00:00+00:00,13.96,13.99,14.01,13.73,13.87,255672000.00
2021-04-06 00:00:00+00:00,13.83,13.86,14.05,13.77,14.00,191744000.00
2021-04-07 00:00:00+00:00,14.11,14.14,14.24,13.71,13.88,251284000.00
2021-04-08 00:00:00+00:00,14.29,14.32,14.47,14.25,14.25,244416000.00
2021-04-09 00:00:00+00:00,14.37,14.40,14.41,14.18,14.21,195172000.00
2021-04-12 00:00:00+00:00,15.18,15.21,15.35,14.14,14.29,869324000.00
2021-04-13 00:00:00+00:00,15.65,15.68,15.70,15.13,15.23,676212000.00
2021-04-14 00:00:00+00:00,15.24,15.28,15.72,15.23,15.63,385500000.00
2021-04-15 00:00:00+00:00,16.10,16.14,16.21,15.63,15.66,598480000.00
2021-04-16 00:00:00+00:00,15.88,15.91,16.17,15.87,16.05,335208000.00
2021-04-19 00:00:00+00:00,15.33,15.36,15.81,15.23,15.54,404420000.00
2021-04-20 00:00:00+00:00,15.14,15.17,15.50,14.96,15.32,334132000.00
2021-04-21 00:00:00+00:00,15.33,15.36,15.36,15.10,15.12,216776000.00
2021-04-22 00:00:00+00:00,14.82,14.85,15.44,14.78,15.38,277788000.00
2021-04-23 00:00:00+00:00,15.23,15.27,15.34,14.90,14.93,227500000.00
2021-04-26 00:00:00+00:00,15.45,15.48,15.48,15.13,15.19,197796000.00
2021-04-27 00:00:00+00:00,15.35,15.38,15.67,15.35,15.58,164572000.00
2021-04-28 00:00:00+00:00,15.24,15.28,15.53,15.22,15.36,209416000.00
2021-04-29 00:00:00+00:00,15.29,15.32,15.44,15.07,15.40,173196000.00
2021-04-30 00:00:00+00:00,14.98,15.01,15.36,15.00,15.17,201912000.00
2021-05-03 00:00:00+00:00,14.81,14.84,15.25,14.79,15.13,203912000.00
2021-05-04 00:00:00+00:00,14.32,14.35,14.64,14.01,14.64,405324000.00
2021-05-05 00:00:00+00:00,14.43,14.46,14.81,14.39,14.71,292024000.00
2021-05-06 00:00:00+00:00,14.49,14.52,14.57,14.22,14.50,193380000.00
2021-05-07 00:00:00+00:00,14.78,14.81,14.97,14.67,14.81,229328000.00
2021-05-10 00:00:00+00:00,14.24,14.27,14.81,14.25,14.79,268904000.00
2021-05-11 00:00:00+00:00,14.28,14.31,14.35,13.75,13.82,285584000.00
2021-05-12 00:00:00+00:00,13.73,13.76,14.26,13.71,14.01,303408000.00
2021-05-13 00:00:00+00:00,13.64,13.67,14.08,13.46,14.03,285404000.00
2021-05-14 00:00:00+00:00,14.21,14.24,14.33,13.75,13.89,258616000.00
2021-05-17 00:00:00+00:00,14.14,14.17,14.17,13.85,14.16,216980000.00
2021-05-18 00:00:00+00:00,13.99,14.02,14.40,14.00,14.27,186256000.00
2021-05-19 00:00:00+00:00,14.04,14.07,14.08,13.54,13.57,344000000.00
2021-05-20 00:00:00+00:00,14.58,14.61,14.68,14.27,14.30,321592000.00
2021-05-21 00:00:00+00:00,14.96,14.99,15.22,14.87,15.16,672992000.00
2021-05-24 00:00:00+00:00,15.58,15.61,15.74,15.18,15.21,554816000.00
2021-05-25 00:00:00+00:00,15.61,15.65,15.82,15.48,15.77,435408000.00
2021-05-26 00:00:00+00:00,15.67,15.70,15.79,15.59,15.73,370440000.00
2021-05-27 00:00:00+00:00,15.46,15.49,15.75,15.46,15.70,581476000.00
2021-05-28 00:00:00+00:00,16.21,16.24,16.28,15.50,15.50,644536000.00
2021-06-01 00:00:00+00:00,16.23,16.26,16.39,15.90,16.27,472804000.00
2021-06-02 00:00:00+00:00,16.74,16.78,16.92,16.24,16.25,594168000.00
2021-06-03 00:00:00+00:00,16.93,16.97,17.26,16.58,16.70,580008000.00
2021-06-04 00:00:00+00:00,17.54,17.58,17.66,17.10,17.11,617120000.00
2021-06-07 00:00:00+00:00,17.58,17.62,17.81,17.19,17.57,575756000.00
2021-06-08 00:00:00+00:00,17.42,17.46,17.62,17.25,17.53,323848000.00
2021-06-09 00:00:00+00:00,17.33,17.36,17.58,17.26,17.52,381656000.00
2021-06-10 00:00:00+00:00,17.39,17.42,17.49,17.18,17.35,287772000.00
2021-06-11 00:00:00+00:00,17.79,17.83,17.94,17.44,17.48,416308000.00
2021-06-14 00:00:00+00:00,17.98,18.02,18.04,17.66,17.91,321376000.00
2021-06-15 00:00:00+00:00,17.75,17.79,18.02,17.73,17.92,243032000.00
2021-06-16 00:00:00+00:00,17.78,17.81,17.95,17.58,17.79,307124000.00
2021-06-17 00:00:00+00:00,18.62,18.66,18.83,17.76,17.77,809656000.00
2021-06-18 00:00:00+00:00,18.60,18.64,19.38,18.58,18.78,968856000.00
2021-06-21 00:00:00+00:00,18.39,18.43,18.54,17.82,18.44,672384000.00
2021-06-22 00:00:00+00:00,18.85,18.89,18.96,18.39,18.47,580144000.00
2021-06-23 00:00:00+00:00,19.02,19.06,19.15,18.91,19.01,332356000.00
2021-06-24 00:00:00+00:00,19.17,19.21,19.42,19.09,19.23,320924000.00
2021-06-25 00:00:00+00:00,19.00,19.03,19.35,18.89,19.28,278364000.00
2021-06-28 00:00:00+00:00,19.95,19.99,20.08,19.32,19.36,495436000.00
2021-06-29 00:00:00+00:00,19.99,20.03,20.10,19.66,19.88,367632000.00
2021-06-30 00:00:00+00:00,19.96,20.00,20.16,19.86,20.00,326568000.00
2021-07-01 00:00:00+00:00,20.17,20.21,20.46,20.02,20.13,480136000.00
2021-07-02 00:00:00+00:00,20.45,20.49,20.51,20.29,20.44,342764000.00
2021-07-06 00:00:00+00:00,20.66,20.70,20.84,20.35,20.74,446708000.00
2021-07-07 00:00:00+00:00,20.33,20.37,20.88,20.33,20.85,418428000.00
2021-07-08 00:00:00+00:00,19.87,19.90,20.13,19.70,19.86,503300000.00
2021-07-09 00:00:00+00:00,20.01,20.05,20.08,19.75,19.96,296624000.00
2021-07-12 00:00:00+00:00,20.47,20.51,20.53,20.19,20.24,321984000.00
2021-07-13 00:00:00+00:00,20.21,20.25,20.46,20.11,20.40,290708000.00
2021-07-14 00:00:00+00:00,19.80,19.84,20.42,19.75,20.36,380100000.00
2021-07-15 00:00:00+00:00,18.93,18.97,19.85,18.86,19.81,550564000.00
2021-07-16 00:00:00+00:00,18.13,18.16,19.16,18.07,19.03,688224000.00
2021-07-19 00:00:00+00:00,18.74,18.78,19.04,17.87,17.92,749060000.00
2021-07-20 00:00:00+00:00,18.58,18.61,18.84,18.16,18.73,434687000.00
2021-07-21 00:00:00+00:00,19.37,19.41,19.53,18.74,18.88,371017000.00
2021-07-22 00:00:00+00:00,19.56,19.59,19.89,19.28,19.64,323826000.00
2021-07-23 00:00:00+00:00,19.52,19.56,19.70,19.25,19.66,195672000.00
2021-07-26 00:00:00+00:00,19.26,19.29,19.44,18.91,19.31,203943000.00
2021-07-27 00:00:00+00:00,19.17,19.21,19.62,18.74,19.26,248863000.00
2021-07-28 00:00:00+00:00,19.47,19.50,19.65,19.00,19.32,202191000.00
2021-07-29 00:00:00+00:00,19.62,19.66,19.85,19.33,19.52,190781000.00
2021-07-30 00:00:00+00:00,19.46,19.50,19.63,19.26,19.42,183497000.00
2021-08-02 00:00:00+00:00,19.71,19.75,19.96,19.36,19.70,217444000.00
2021-08-03 00:00:00+00:00,19.78,19.82,20.22,19.22,19.74,301811000.00
2021-08-04 00:00:00+00:00,20.24,20.27,20.32,19.83,19.99,231309000.00
2021-08-05 00:00:00+00:00,20.60,20.64,20.73,20.34,20.50,211435000.00
2021-08-06 00:00:00+00:00,20.33,20.37,20.57,20.21,20.52,178497000.00
2021-08-09 00:00:00+00:00,20.26,20.30,20.51,20.14,20.45,146443000.00
2021-08-10 00:00:00+00:00,19.90,19.94,20.43,19.83,20.32,179238000.00
2021-08-11 00:00:00+00:00,19.66,19.70,20.05,19.43,20.04,185925000.00
2021-08-12 00:00:00+00:00,19.87,19.91,20.03,19.62,19.87,151652000.00
2021-08-13 00:00:00+00:00,20.15,20.19,20.21,19.85,19.91,183063000.00
2021-08-16 00:00:00+00:00,19.91,19.95,20.29,19.45,20.14,210876000.00
2021-08-17 00:00:00+00:00,19.42,19.46,19.77,19.27,19.68,204585000.00
2021-08-18 00:00:00+00:00,19.00,19.04,19.63,19.00,19.50,285913000.00
2021-08-19 00:00:00+00:00,19.76,19.80,20.50,18.76,19.49,766555000.00
2021-08-20 00:00:00+00:00,20.78,20.82,20.86,19.93,19.99,675741000.00
2021-08-23 00:00:00+00:00,21.92,21.96,22.00,20.95,20.97,575807000.00
2021-08-24 00:00:00+00:00,21.75,21.79,21.96,21.53,21.75,297299000.00
2021-08-25 00:00:00+00:00,22.17,22.21,22.47,21.72,21.74,347701000.00
2021-08-26 00:00:00+00:00,22.03,22.07,22.34,21.79,22.20,237940000.00
2021-08-27 00:00:00+00:00,22.59,22.64,22.72,22.17,22.18,304722000.00
2021-08-30 00:00:00+00:00,22.65,22.69,23.04,22.55,22.83,262580000.00
2021-08-31 00:00:00+00:00,22.35,22.39,22.69,22.12,22.69,259850000.00
2021-09-01 00:00:00+00:00,22.40,22.44,22.70,22.36,22.49,201767000.00
2021-09-02 00:00:00+00:00,22.36,22.40,22.59,22.30,22.52,187834000.00
2021-09-03 00:00:00+00:00,22.80,22.84,22.99,22.20,22.33,280532000.00
2021-09-07 00:00:00+00:00,22.62,22.66,22.90,22.52,22.83,198107000.00
2021-09-08 00:00:00+00:00,22.30,22.34,22.61,21.98,22.51,254434000.00
2021-09-09 00:00:00+00:00,22.14,22.18,22.54,22.13,22.31,196856000.00
2021-09-10 00:00:00+00:00,22.44,22.48,22.63,22.27,22.35,248376000.00
2021-09-13 00:00:00+00:00,22.11,22.15,22.96,21.86,22.68,297500000.00
2021-09-14 00:00:00+00:00,22.20,22.24,22.41,22.09,22.27,199755000.00
2021-09-15 00:00:00+00:00,22.30,22.34,22.37,21.97,22.31,166538000.00
2021-09-16 00:00:00+00:00,22.20,22.24,22.28,21.93,22.18,156033000.00
2021-09-17 00:00:00+00:00,21.86,21.90,22.32,21.83,22.30,294503000.00
2021-09-20 00:00:00+00:00,21.08,21.11,21.43,20.66,21.15,349440000.00
2021-09-21 00:00:00+00:00,21.21,21.25,21.42,20.95,21.42,204688000.00
2021-09-22 00:00:00+00:00,21.90,21.94,21.96,21.20,21.37,268726000.00
2021-09-23 00:00:00+00:00,22.44,22.48,22.53,21.89,22.14,248555000.00
2021-09-24 00:00:00+00:00,22.04,22.08,22.15,21.86,22.07,217655000.00
2021-09-27 00:00:00+00:00,21.62,21.66,21.80,21.33,21.71,245215000.00
2021-09-28 00:00:00+00:00,20.66,20.70,21.42,20.65,21.21,343069000.00
2021-09-29 00:00:00+00:00,20.48,20.52,21.02,20.47,20.94,218394000.00
2021-09-30 00:00:00+00:00,20.68,20.72,21.07,20.69,20.77,221009000.00
2021-10-01 00:00:00+00:00,20.71,20.74,20.86,20.20,20.75,240978000.00
2021-10-04 00:00:00+00:00,19.70,19.73,20.54,19.56,20.50,345635000.00
2021-10-05 00:00:00+00:00,20.42,20.45,20.65,19.85,19.95,279282000.00
2021-10-06 00:00:00+00:00,20.66,20.70,20.72,20.08,20.12,297202000.00
2021-10-07 00:00:00+00:00,21.04,21.08,21.32,20.97,21.09,256919000.00
2021-10-08 00:00:00+00:00,20.80,20.83,21.21,20.77,21.10,151258000.00
2021-10-11 00:00:00+00:00,20.66,20.69,21.06,20.51,20.58,163388000.00
2021-10-12 00:00:00+00:00,20.64,20.67,21.06,20.53,20.83,162134000.00
2021-10-13 00:00:00+00:00,20.90,20.94,20.99,20.71,20.92,180652000.00
2021-10-14 00:00:00+00:00,21.71,21.75,21.75,21.12,21.29,243589000.00
2021-10-15 00:00:00+00:00,21.82,21.86,21.93,21.66,21.81,226994000.00
2021-10-18 00:00:00+00:00,22.18,22.22,22.29,21.64,21.75,189494000.00
2021-10-19 00:00:00+00:00,22.25,22.29,22.38,22.04,22.28,161473000.00
2021-10-20 00:00:00+00:00,22.07,22.10,22.43,21.98,22.31,146276000.00
2021-10-21 00:00:00+00:00,22.65,22.69,22.71,22.08,22.10,187590000.00
2021-10-22 00:00:00+00:00,22.69,22.73,23.13,22.56,22.82,249384000.00
2021-10-25 00:00:00+00:00,23.13,23.17,23.35,22.77,22.97,230235000.00
2021-10-26 00:00:00+00:00,24.67,24.72,25.26,23.92,23.99,485898000.00
2021-10-27 00:00:00+00:00,24.41,24.45,25.09,24.28,24.47,245990000.00
2021-10-28 00:00:00+00:00,24.90,24.94,24.95,24.52,24.88,234204000.00
2021-10-29 00:00:00+00:00,25.52,25.57,25.71,25.00,25.00,292503000.00
2021-11-01 00:00:00+00:00,25.78,25.83,25.89,25.23,25.65,265740000.00
2021-11-02 00:00:00+00:00,26.36,26.40,26.68,25.80,25.82,294112000.00
2021-11-03 00:00:00+00:00,26.55,26.60,26.78,26.24,26.67,239910000.00
2021-11-04 00:00:00+00:00,29.75,29.80,31.36,27.12,27.23,1153631000.00
2021-11-05 00:00:00+00:00,29.70,29.75,31.40,29.41,30.19,851260000.00
2021-11-08 00:00:00+00:00,30.75,30.80,31.10,29.91,30.15,503101000.00
2021-11-09 00:00:00+00:00,30.60,30.66,32.31,29.96,32.28,646746000.00
2021-11-10 00:00:00+00:00,29.41,29.46,30.85,28.78,29.36,636206000.00
2021-11-11 00:00:00+00:00,30.34,30.39,30.59,29.78,30.47,332172000.00
2021-11-12 00:00:00+00:00,30.34,30.39,30.68,29.63,30.01,413054000.00
2021-11-15 00:00:00+00:00,29.97,30.02,30.64,29.25,30.55,384909000.00
2021-11-16 00:00:00+00:00,30.15,30.20,30.39,29.71,29.76,264484000.00
2021-11-17 00:00:00+00:00,29.21,29.26,30.51,28.80,30.42,428508000.00
2021-11-18 00:00:00+00:00,31.62,31.67,32.76,31.32,32.37,781711000.00
2021-11-19 00:00:00+00:00,32.93,32.99,33.09,31.91,32.24,533867000.00
2021-11-22 00:00:00+00:00,31.90,31.96,34.65,31.90,33.52,754335000.00
2021-11-23 00:00:00+00:00,31.69,31.75,32.36,30.88,31.53,532163000.00
2021-11-24 00:00:00+00:00,32.62,32.67,32.85,30.93,31.46,435162000.00
2021-11-26 00:00:00+00:00,31.45,31.50,32.71,31.35,32.60,283069000.00
2021-11-29 00:00:00+00:00,33.32,33.38,33.41,32.04,32.37,454964000.00
2021-11-30 00:00:00+00:00,32.62,32.68,33.35,31.86,33.17,622066000.00
2021-12-01 00:00:00+00:00,31.38,31.43,33.29,31.38,33.22,484368000.00
2021-12-02 00:00:00+00:00,32.07,32.13,32.48,31.02,31.21,472890000.00
2021-12-03 00:00:00+00:00,30.64,30.69,32.13,30.13,32.00,544325000.00
2021-12-06 00:00:00+00:00,29.99,30.04,30.24,28.04,29.88,658938000.00
2021-12-07 00:00:00+00:00,32.38,32.43,32.45,30.65,30.96,593053000.00
2021-12-08 00:00:00+00:00,31.78,31.83,32.29,31.42,32.00,475551000.00
2021-12-09 00:00:00+00:00,30.44,30.49,32.21,30.43,31.73,488507000.00
2021-12-10 00:00:00+00:00,30.15,30.20,31.31,29.86,31.15,488825000.00
2021-12-13 00:00:00+00:00,28.12,28.16,30.29,28.12,30.25,598344000.00
2021-12-14 00:00:00+00:00,28.29,28.34,28.68,27.25,27.70,667035000.00
2021-12-15 00:00:00+00:00,30.41,30.46,30.50,27.84,28.40,698297000.00
2021-12-16 00:00:00+00:00,28.34,28.39,31.16,28.09,31.15,707366000.00
2021-12-17 00:00:00+00:00,27.76,27.80,28.92,27.76,27.99,713758000.00
2021-12-20 00:00:00+00:00,27.67,27.72,28.14,27.15,27.31,461847000.00
2021-12-21 00:00:00+00:00,29.03,29.08,29.12,27.40,28.37,524385000.00
2021-12-22 00:00:00+00:00,29.35,29.40,29.56,28.45,28.89,395184000.00
2021-12-23 00:00:00+00:00,29.59,29.64,30.06,29.43,29.75,343022000.00
2021-12-27 00:00:00+00:00,30.90,30.94,31.09,29.64,29.66,403686000.00
2021-12-28 00:00:00+00:00,30.27,30.32,31.33,30.01,31.31,420591000.00
2021-12-29 00:00:00+00:00,29.95,30.00,30.55,29.37,30.27,343139000.00
2021-12-30 00:00:00+00:00,29.54,29.59,30.46,29.54,29.83,308864000.00
2021-12-31 00:00:00+00:00,29.36,29.41,30.03,29.33,29.67,266530000.00
2022-01-03 00:00:00+00:00,30.07,30.12,30.71,29.78,29.82,391547000.00
2022-01-04 00:00:00+00:00,29.24,29.29,30.47,28.35,30.28,527154000.00
2022-01-05 00:00:00+00:00,27.56,27.60,29.42,27.53,28.95,498064000.00
2022-01-06 00:00:00+00:00,28.13,28.18,28.44,27.07,27.64,454186000.00
2022-01-07 00:00:00+00:00,27.20,27.25,28.42,27.06,28.14,409939000.00
2022-01-10 00:00:00+00:00,27.36,27.40,27.47,25.64,26.58,594681000.00
2022-01-11 00:00:00+00:00,27.77,27.82,28.07,26.84,27.32,404089000.00
2022-01-12 00:00:00+00:00,27.95,28.00,28.59,27.61,28.07,383413000.00
2022-01-13 00:00:00+00:00,26.53,26.58,28.48,26.50,28.38,540171000.00
2022-01-14 00:00:00+00:00,26.90,26.94,27.20,26.21,26.30,395832000.00
2022-01-18 00:00:00+00:00,25.86,25.90,26.64,25.77,26.26,424270000.00
2022-01-19 00:00:00+00:00,25.03,25.07,26.54,25.05,26.08,488315000.00
2022-01-20 00:00:00+00:00,24.11,24.15,25.58,24.08,25.30,435181000.00
2022-01-21 00:00:00+00:00,23.34,23.37,24.82,23.26,23.51,718958000.00
2022-01-24 00:00:00+00:00,23.33,23.37,23.38,20.89,22.33,913982000.00
2022-01-25 00:00:00+00:00,22.29,22.32,22.94,22.00,22.55,664616000.00
2022-01-26 00:00:00+00:00,22.74,22.77,24.06,22.30,23.24,755959000.00
2022-01-27 00:00:00+00:00,21.91,21.94,24.00,21.67,23.57,573353000.00
2022-01-28 00:00:00+00:00,22.80,22.84,22.86,21.30,22.01,543774000.00
2022-01-31 00:00:00+00:00,24.45,24.49,24.51,23.05,23.18,564680000.00
2022-02-01 00:00:00+00:00,24.60,24.64,25.15,23.89,25.10,518925000.00
2022-02-02 00:00:00+00:00,25.20,25.24,25.82,24.55,25.79,543419000.00
2022-02-03 00:00:00+00:00,23.91,23.95,25.08,23.78,24.46,410178000.00
2022-02-04 00:00:00+00:00,24.28,24.32,24.64,23.63,23.97,354829000.00
2022-02-07 00:00:00+00:00,24.69,24.73,25.18,24.20,24.37,376868000.00
2022-02-08 00:00:00+00:00,25.07,25.11,25.23,23.98,24.36,410359000.00
2022-02-09 00:00:00+00:00,26.66,26.70,26.73,25.35,25.62,524282000.00
2022-02-10 00:00:00+00:00,25.78,25.82,26.92,25.60,26.00,513200000.00
2022-02-11 00:00:00+00:00,23.91,23.95,26.15,23.77,25.92,605472000.00
2022-02-14 00:00:00+00:00,24.23,24.27,24.88,23.75,23.93,440424000.00
2022-02-15 00:00:00+00:00,26.45,26.50,26.55,24.78,24.95,699869000.00
2022-02-16 00:00:00+00:00,26.47,26.51,26.58,25.55,26.26,732676000.00
2022-02-17 00:00:00+00:00,24.47,24.51,25.78,24.17,25.63,810595000.00
2022-02-18 00:00:00+00:00,23.60,23.64,24.99,23.10,24.67,761255000.00
2022-02-22 00:00:00+00:00,23.35,23.39,24.06,23.00,23.03,633422000.00
2022-02-23 00:00:00+00:00,22.35,22.39,24.16,22.30,23.80,566511000.00
2022-02-24 00:00:00+00:00,23.71,23.75,23.80,20.89,21.01,735801000.00
2022-02-25 00:00:00+00:00,24.12,24.16,24.22,23.38,23.72,528866000.00
2022-02-28 00:00:00+00:00,24.35,24.39,24.67,23.71,23.99,477319000.00
2022-03-01 00:00:00+00:00,23.44,23.48,24.38,23.13,24.29,412056000.00
2022-03-02 00:00:00+00:00,24.19,24.22,24.41,23.42,23.76,389642000.00
2022-03-03 00:00:00+00:00,23.68,23.71,24.33,23.47,24.26,365095000.00
2022-03-04 00:00:00+00:00,22.90,22.94,23.68,22.48,23.38,431415000.00
2022-03-07 00:00:00+00:00,21.32,21.35,23.03,21.33,22.82,450821000.00
2022-03-08 00:00:00+00:00,21.48,21.51,22.37,20.65,21.31,557467000.00
2022-03-09 00:00:00+00:00,22.98,23.01,23.22,22.25,22.39,492742000.00
2022-03-10 00:00:00+00:00,22.63,22.66,22.79,21.88,22.53,428066000.00
2022-03-11 00:00:00+00:00,22.07,22.10,23.15,22.05,23.02,367209000.00
2022-03-14 00:00:00+00:00,21.30,21.33,22.26,21.16,21.87,385354000.00
2022-03-15 00:00:00+00:00,22.94,22.97,23.04,21.32,21.52,491996000.00
2022-03-16 00:00:00+00:00,24.46,24.50,24.60,23.17,23.50,671422000.00
2022-03-17 00:00:00+00:00,24.73,24.77,24.84,23.91,24.12,471941000.00
2022-03-18 00:00:00+00:00,26.42,26.45,26.57,24.62,24.80,730719000.00
2022-03-21 00:00:00+00:00,26.70,26.73,27.15,25.97,26.51,591727000.00
2022-03-22 00:00:00+00:00,26.49,26.52,27.24,26.07,26.73,547007000.00
2022-03-23 00:00:00+00:00,25.60,25.63,26.61,25.58,26.13,502120000.00
2022-03-24 00:00:00+00:00,28.11,28.15,28.32,25.91,26.17,877379000.00
2022-03-25 00:00:00+00:00,27.65,27.69,28.36,27.27,27.89,579016000.00
2022-03-28 00:00:00+00:00,28.18,28.22,28.25,27.21,27.76,425494000.00
2022-03-29 00:00:00+00:00,28.62,28.66,28.95,27.98,28.69,488984000.00
2022-03-30 00:00:00+00:00,27.65,27.69,28.50,27.50,28.30,463487000.00
2022-03-31 00:00:00+00:00,27.25,27.29,28.25,27.27,27.78,523440000.00
2022-04-01 00:00:00+00:00,26.67,26.71,27.50,26.27,27.38,517235000.00
2022-04-04 00:00:00+00:00,27.32,27.36,27.56,26.61,26.73,397120000.00
2022-04-05 00:00:00+00:00,25.89,25.93,27.32,25.82,27.25,436615000.00
2022-04-06 00:00:00+00:00,24.37,24.41,25.30,24.00,24.93,703833000.00
2022-04-07 00:00:00+00:00,24.17,24.21,24.72,23.48,24.44,557992000.00
2022-04-08 00:00:00+00:00,23.09,23.12,23.92,23.06,23.92,524781000.00
2022-04-11 00:00:00+00:00,21.89,21.92,22.32,21.66,22.21,575207000.00
2022-04-12 00:00:00+00:00,21.47,21.50,22.73,21.28,22.54,662258000.00
2022-04-13 00:00:00+00:00,22.17,22.20,22.50,21.45,21.73,516943000.00
2022-04-14 00:00:00+00:00,21.23,21.26,22.78,21.16,22.50,569097000.00
2022-04-18 00:00:00+00:00,21.75,21.78,22.09,21.08,21.20,525701000.00
2022-04-19 00:00:00+00:00,22.17,22.20,22.37,21.31,21.72,512781000.00
2022-04-20 00:00:00+00:00,21.45,21.48,22.67,21.20,22.52,468974000.00
2022-04-21 00:00:00+00:00,20.15,20.18,22.39,20.00,21.71,656209000.00
2022-04-22 00:00:00+00:00,19.49,19.51,20.49,19.50,20.30,624713000.00
2022-04-25 00:00:00+00:00,19.87,19.90,19.94,19.10,19.20,641566000.00
2022-04-26 00:00:00+00:00,18.76,18.79,19.79,18.67,19.72,653143000.00
2022-04-27 00:00:00+00:00,18.39,18.42,19.17,18.29,18.60,499460000.00
2022-04-28 00:00:00+00:00,19.75,19.78,20.04,18.49,18.97,570327000.00
2022-04-29 00:00:00+00:00,18.52,18.55,20.13,18.52,19.40,500435000.00
2022-05-02 00:00:00+00:00,19.51,19.53,19.57,18.39,18.54,572049000.00
2022-05-03 00:00:00+00:00,19.57,19.60,19.83,19.13,19.40,475751000.00
2022-05-04 00:00:00+00:00,20.31,20.33,20.40,18.75,19.92,648855000.00
2022-05-05 00:00:00+00:00,18.82,18.84,19.92,18.50,19.87,626331000.00
2022-05-06 00:00:00+00:00,18.65,18.67,19.51,17.99,18.74,633297000.00
2022-05-09 00:00:00+00:00,16.93,16.95,18.25,16.83,18.03,644455000.00
2022-05-10 00:00:00+00:00,17.57,17.59,18.20,17.02,17.69,761474000.00
2022-05-11 00:00:00+00:00,16.61,16.63,17.75,16.57,17.35,670167000.00
2022-05-12 00:00:00+00:00,16.15,16.17,16.79,15.57,16.22,708728000.00
2022-05-13 00:00:00+00:00,17.68,17.71,17.93,16.59,16.79,670437000.00
2022-05-16 00:00:00+00:00,17.24,17.26,17.79,17.11,17.51,521446000.00
2022-05-17 00:00:00+00:00,18.15,18.18,18.37,17.63,18.07,585830000.00
2022-05-18 00:00:00+00:00,16.91,16.94,18.12,16.86,17.70,545161000.00
2022-05-19 00:00:00+00:00,17.10,17.12,17.69,16.73,16.94,621310000.00
2022-05-20 00:00:00+00:00,16.67,16.69,17.41,15.76,17.33,739105000.00
2022-05-23 00:00:00+00:00,16.87,16.90,16.92,16.18,16.27,639889000.00
2022-05-24 00:00:00+00:00,16.13,16.15,16.60,15.78,16.51,588550000.00
2022-05-25 00:00:00+00:00,16.95,16.98,17.11,16.00,16.02,781132000.00
2022-05-26 00:00:00+00:00,17.83,17.85,18.09,16.02,16.04,996575000.00
2022-05-27 00:00:00+00:00,18.78,18.81,18.88,18.10,18.19,738379000.00
2022-05-31 00:00:00+00:00,18.65,18.67,19.20,18.35,18.98,664100000.00
2022-06-01 00:00:00+00:00,18.29,18.32,19.05,18.12,18.72,544514000.00
2022-06-02 00:00:00+00:00,19.56,19.59,19.62,18.20,18.29,648656000.00
2022-06-03 00:00:00+00:00,18.69,18.72,19.33,18.52,19.08,598779000.00
2022-06-06 00:00:00+00:00,18.76,18.79,19.34,18.56,19.14,422406000.00
2022-06-07 00:00:00+00:00,18.90,18.93,19.00,18.19,18.47,388914000.00
2022-06-08 00:00:00+00:00,18.63,18.65,19.18,18.53,18.80,363252000.00
2022-06-09 00:00:00+00:00,18.03,18.05,18.93,18.04,18.48,395574000.00
2022-06-10 00:00:00+00:00,16.95,16.97,17.70,16.87,17.60,465248000.00
2022-06-13 00:00:00+00:00,15.63,15.65,16.31,15.61,16.00,604153000.00
2022-06-14 00:00:00+00:00,15.82,15.84,16.07,15.41,15.73,469680000.00
2022-06-15 00:00:00+00:00,16.51,16.53,16.87,15.93,16.09,563936000.00
2022-06-16 00:00:00+00:00,15.58,15.60,15.94,15.40,15.86,545749000.00
2022-06-17 00:00:00+00:00,15.86,15.88,15.99,15.33,15.65,630334000.00
2022-06-21 00:00:00+00:00,16.55,16.57,17.01,16.41,16.48,483089000.00
2022-06-22 00:00:00+00:00,16.34,16.36,16.66,16.18,16.23,437135000.00
2022-06-23 00:00:00+00:00,16.21,16.23,16.58,15.85,16.52,463680000.00
2022-06-24 00:00:00+00:00,17.11,17.13,17.14,16.31,16.50,472153000.00
2022-06-27 00:00:00+00:00,16.85,16.87,17.33,16.63,17.31,427968000.00
2022-06-28 00:00:00+00:00,15.96,15.98,17.20,15.94,16.90,461149000.00
2022-06-29 00:00:00+00:00,15.52,15.54,15.82,15.17,15.81,482352000.00
2022-06-30 00:00:00+00:00,15.14,15.16,15.57,14.86,15.36,686070000.00
2022-07-01 00:00:00+00:00,14.51,14.52,15.06,14.39,14.90,577610000.00
2022-07-05 00:00:00+00:00,14.95,14.96,14.97,14.06,14.18,651397000.00
2022-07-06 00:00:00+00:00,15.11,15.13,15.32,14.79,15.01,529066000.00
2022-07-07 00:00:00+00:00,15.84,15.86,15.94,15.39,15.46,492903000.00
2022-07-08 00:00:00+00:00,15.82,15.84,16.04,15.39,15.43,467972000.00
2022-07-11 00:00:00+00:00,15.13,15.15,15.53,15.04,15.53,437321000.00
2022-07-12 00:00:00+00:00,15.06,15.08,15.43,14.88,15.27,458483000.00
2022-07-13 00:00:00+00:00,15.15,15.16,15.38,14.47,14.59,521918000.00
2022-07-14 00:00:00+00:00,15.35,15.37,15.47,14.73,15.11,456235000.00
2022-07-15 00:00:00+00:00,15.74,15.76,15.78,15.44,15.66,385935000.00
2022-07-18 00:00:00+00:00,16.08,16.10,16.90,16.00,16.30,670517000.00
2022-07-19 00:00:00+00:00,16.97,16.99,17.11,16.17,16.49,702366000.00
2022-07-20 00:00:00+00:00,17.79,17.81,17.93,16.80,16.95,760538000.00
2022-07-21 00:00:00+00:00,18.03,18.05,18.14,17.55,17.89,557049000.00
2022-07-22 00:00:00+00:00,17.30,17.32,17.97,17.14,17.89,536671000.00
2022-07-25 00:00:00+00:00,17.00,17.02,17.12,16.65,17.02,480748000.00
2022-07-26 00:00:00+00:00,16.51,16.53,16.92,16.48,16.89,397865000.00
2022-07-27 00:00:00+00:00,17.77,17.79,17.94,16.91,17.03,569776000.00
2022-07-28 00:00:00+00:00,17.96,17.98,18.14,17.44,17.98,474646000.00
2022-07-29 00:00:00+00:00,18.14,18.16,18.24,17.69,17.81,435460000.00
2022-08-01 00:00:00+00:00,18.42,18.44,18.85,17.99,18.18,476469000.00
2022-08-02 00:00:00+00:00,18.50,18.53,18.94,18.09,18.12,489527000.00
2022-08-03 00:00:00+00:00,18.87,18.89,18.97,18.14,18.18,418146000.00
2022-08-04 00:00:00+00:00,19.19,19.22,19.27,18.76,18.85,409652000.00
2022-08-05 00:00:00+00:00,18.97,18.99,19.23,18.67,18.81,386068000.00
2022-08-08 00:00:00+00:00,17.77,17.79,18.24,17.24,17.50,981859000.00
2022-08-09 00:00:00+00:00,17.07,17.09,17.45,16.72,17.25,668263000.00
2022-08-10 00:00:00+00:00,18.08,18.10,18.12,17.32,17.70,597422000.00
2022-08-11 00:00:00+00:00,17.92,17.94,18.71,17.88,18.13,509327000.00
2022-08-12 00:00:00+00:00,18.69,18.71,18.72,17.95,18.16,478094000.00
2022-08-15 00:00:00+00:00,19.01,19.03,19.16,18.61,18.70,457666000.00
2022-08-16 00:00:00+00:00,18.86,18.88,19.14,18.50,18.92,451240000.00
2022-08-17 00:00:00+00:00,18.31,18.33,18.69,18.15,18.52,446799000.00
2022-08-18 00:00:00+00:00,18.75,18.77,18.86,18.18,18.30,415447000.00
2022-08-19 00:00:00+00:00,17.83,17.85,18.52,17.77,18.41,441588000.00
2022-08-22 00:00:00+00:00,17.01,17.03,17.56,16.97,17.49,409593000.00
2022-08-23 00:00:00+00:00,17.16,17.18,17.47,16.97,16.99,369986000.00
2022-08-24 00:00:00+00:00,17.20,17.22,17.41,16.90,17.01,522661000.00
2022-08-25 00:00:00+00:00,17.89,17.91,17.95,16.83,16.84,770691000.00
2022-08-26 00:00:00+00:00,16.24,16.26,17.92,16.24,17.86,769127000.00
2022-08-29 00:00:00+00:00,15.78,15.80,16.34,15.77,16.02,496132000.00
2022-08-30 00:00:00+00:00,15.45,15.47,16.04,15.18,15.96,530181000.00
2022-08-31 00:00:00+00:00,15.08,15.09,15.54,14.96,15.38,573710000.00
2022-09-01 00:00:00+00:00,13.92,13.94,14.38,13.27,14.21,1178865000.00
2022-09-02 00:00:00+00:00,13.63,13.65,14.17,13.59,14.10,743157000.00
2022-09-06 00:00:00+00:00,13.45,13.47,13.78,13.35,13.73,535751000.00
2022-09-07 00:00:00+00:00,13.70,13.71,13.84,13.35,13.56,512657000.00
2022-09-08 00:00:00+00:00,13.98,13.99,14.01,13.37,13.46,624873000.00
2022-09-09 00:00:00+00:00,14.37,14.39,14.47,14.13,14.16,486612000.00
2022-09-12 00:00:00+00:00,14.49,14.51,14.55,14.20,14.37,484159000.00
2022-09-13 00:00:00+00:00,13.12,13.13,13.92,13.10,13.80,714956000.00
2022-09-14 00:00:00+00:00,13.12,13.13,13.29,12.91,13.25,588507000.00
2022-09-15 00:00:00+00:00,12.92,12.93,13.23,12.79,13.02,523625000.00
2022-09-16 00:00:00+00:00,13.19,13.20,13.21,12.62,12.74,670751000.00
2022-09-19 00:00:00+00:00,13.37,13.38,13.46,13.01,13.01,569685000.00
2022-09-20 00:00:00+00:00,13.16,13.18,13.48,13.06,13.22,524818000.00
2022-09-21 00:00:00+00:00,13.25,13.26,14.03,13.11,13.21,807679000.00
2022-09-22 00:00:00+00:00,12.55,12.56,13.15,12.43,13.07,759162000.00
2022-09-23 00:00:00+00:00,12.50,12.52,12.61,12.26,12.42,663309000.00
2022-09-26 00:00:00+00:00,12.22,12.23,12.66,12.21,12.49,547343000.00
2022-09-27 00:00:00+00:00,12.40,12.41,12.74,12.26,12.51,553854000.00
2022-09-28 00:00:00+00:00,12.72,12.74,12.82,12.35,12.41,542414000.00
2022-09-29 00:00:00+00:00,12.21,12.22,12.50,11.95,12.45,532763000.00
2022-09-30 00:00:00+00:00,12.13,12.14,12.63,12.07,12.09,565638000.00
2022-10-03 00:00:00+00:00,12.50,12.51,12.68,12.10,12.35,547478000.00
2022-10-04 00:00:00+00:00,13.15,13.17,13.22,12.88,12.88,584182000.00
2022-10-05 00:00:00+00:00,13.20,13.21,13.32,12.62,12.91,507131000.00
2022-10-06 00:00:00+00:00,13.12,13.13,13.66,13.10,13.22,644157000.00
2022-10-07 00:00:00+00:00,12.06,12.08,12.67,12.02,12.51,672478000.00
2022-10-10 00:00:00+00:00,11.66,11.67,12.12,11.41,12.04,698699000.00
2022-10-11 00:00:00+00:00,11.58,11.59,11.85,11.28,11.56,667482000.00
2022-10-12 00:00:00+00:00,11.49,11.50,11.73,11.35,11.58,492590000.00
2022-10-13 00:00:00+00:00,11.95,11.96,12.08,10.81,10.97,850103000.00
2022-10-14 00:00:00+00:00,11.22,11.23,12.11,11.20,12.06,713432000.00
2022-10-17 00:00:00+00:00,11.88,11.89,11.95,11.52,11.52,580774000.00
2022-10-18 00:00:00+00:00,11.96,11.97,12.49,11.62,12.34,659362000.00
2022-10-19 00:00:00+00:00,12.04,12.05,12.35,11.83,11.88,523131000.00
2022-10-20 00:00:00+00:00,12.18,12.19,12.77,12.10,12.11,652398000.00
2022-10-21 00:00:00+00:00,12.45,12.47,12.50,11.89,12.10,609494000.00
2022-10-24 00:00:00+00:00,12.59,12.60,12.71,12.06,12.51,517457000.00
2022-10-25 00:00:00+00:00,13.25,13.26,13.30,12.66,12.69,505482000.00
2022-10-26 00:00:00+00:00,12.88,12.90,13.39,12.71,12.87,532953000.00
2022-10-27 00:00:00+00:00,13.16,13.18,13.84,13.12,13.63,583113000.00
2022-10-28 00:00:00+00:00,13.82,13.83,13.85,13.06,13.10,521040000.00
2022-10-31 00:00:00+00:00,13.48,13.50,13.84,13.30,13.78,486341000.00
2022-11-01 00:00:00+00:00,13.53,13.54,13.93,13.52,13.81,432817000.00
2022-11-02 00:00:00+00:00,13.21,13.22,14.21,13.21,13.85,672628000.00
2022-11-03 00:00:00+00:00,13.41,13.42,13.78,12.96,13.04,500065000.00
2022-11-04 00:00:00+00:00,14.14,14.16,14.23,13.70,13.99,612576000.00
2022-11-07 00:00:00+00:00,14.29,14.30,14.41,13.95,14.23,410061000.00
2022-11-08 00:00:00+00:00,14.59,14.60,14.89,14.22,14.80,595292000.00
2022-11-09 00:00:00+00:00,13.76,13.78,14.21,13.76,14.16,454414000.00
2022-11-10 00:00:00+00:00,15.74,15.75,15.77,14.55,14.80,700819000.00
2022-11-11 00:00:00+00:00,16.31,16.33,16.39,15.48,15.81,655487000.00
2022-11-14 00:00:00+00:00,16.28,16.30,16.54,15.92,16.22,527852000.00
2022-11-15 00:00:00+00:00,16.65,16.67,17.00,16.38,16.72,545876000.00
2022-11-16 00:00:00+00:00,15.90,15.91,16.36,15.87,16.16,649547000.00
2022-11-17 00:00:00+00:00,15.66,15.68,16.27,15.53,15.72,710894000.00
2022-11-18 00:00:00+00:00,15.39,15.41,16.00,15.12,15.97,492072000.00
2022-11-21 00:00:00+00:00,15.30,15.32,15.48,15.08,15.15,404739000.00
2022-11-22 00:00:00+00:00,16.02,16.04,16.06,15.12,15.33,472866000.00
2022-11-23 00:00:00+00:00,16.50,16.52,16.53,16.05,16.10,427241000.00
2022-11-25 00:00:00+00:00,16.26,16.27,16.49,16.17,16.32,167934000.00
2022-11-28 00:00:00+00:00,15.81,15.83,16.36,15.73,16.03,303741000.00
2022-11-29 00:00:00+00:00,15.62,15.64,15.93,15.52,15.83,298384000.00
2022-11-30 00:00:00+00:00,16.91,16.92,16.93,15.60,15.70,565298000.00
2022-12-01 00:00:00+00:00,17.12,17.14,17.26,16.64,17.00,470977000.00
2022-12-02 00:00:00+00:00,16.86,16.88,16.93,16.44,16.66,371389000.00
2022-12-05 00:00:00+00:00,16.60,16.61,17.00,16.47,16.68,352255000.00
2022-12-06 00:00:00+00:00,15.98,15.99,16.57,15.82,16.53,352694000.00
2022-12-07 00:00:00+00:00,16.11,16.12,16.19,15.67,15.77,372388000.00
2022-12-08 00:00:00+00:00,17.16,17.17,17.18,15.96,16.27,515456000.00
2022-12-09 00:00:00+00:00,16.99,17.00,17.58,16.98,17.16,465338000.00
2022-12-12 00:00:00+00:00,17.52,17.53,17.54,16.80,17.04,457328000.00
2022-12-13 00:00:00+00:00,18.06,18.07,18.79,17.71,18.53,656589000.00
2022-12-14 00:00:00+00:00,17.66,17.67,18.25,17.42,17.99,496888000.00
2022-12-15 00:00:00+00:00,16.94,16.95,17.32,16.70,17.15,478542000.00
2022-12-16 00:00:00+00:00,16.56,16.57,17.04,16.41,16.86,478232000.00
2022-12-19 00:00:00+00:00,16.24,16.25,16.61,16.15,16.57,354039000.00
2022-12-20 00:00:00+00:00,16.07,16.08,16.31,15.85,16.06,403260000.00
2022-12-21 00:00:00+00:00,16.49,16.50,16.63,16.10,16.11,325025000.00
2022-12-22 00:00:00+00:00,15.33,15.34,16.14,14.88,16.09,565045000.00
2022-12-23 00:00:00+00:00,15.20,15.21,15.34,14.88,15.20,349326000.00
2022-12-27 00:00:00+00:00,14.11,14.12,15.10,14.06,15.07,464902000.00
2022-12-28 00:00:00+00:00,14.03,14.04,14.26,13.88,13.93,351066000.00
2022-12-29 00:00:00+00:00,14.59,14.60,14.68,14.23,14.40,354923000.00
2022-12-30 00:00:00+00:00,14.60,14.61,14.63,14.23,14.33,310490000.00
2023-01-03 00:00:00+00:00,14.31,14.31,15.00,14.10,14.85,401277000.00
2023-01-04 00:00:00+00:00,14.74,14.75,14.85,14.24,14.57,431324000.00
2023-01-05 00:00:00+00:00,14.26,14.27,14.56,14.15,14.49,389168000.00
2023-01-06 00:00:00+00:00,14.85,14.86,15.01,14.03,14.47,405044000.00
2023-01-09 00:00:00+00:00,15.62,15.63,16.06,15.14,15.28,504231000.00
2023-01-10 00:00:00+00:00,15.90,15.91,15.96,15.47,15.51,384101000.00
2023-01-11 00:00:00+00:00,15.99,16.00,16.03,15.56,15.84,353285000.00
2023-01-12 00:00:00+00:00,16.50,16.51,16.64,15.49,16.10,551409000.00
2023-01-13 00:00:00+00:00,16.89,16.90,16.92,16.17,16.28,447287000.00
2023-01-17 00:00:00+00:00,17.69,17.70,17.73,16.90,16.90,511102000.00
2023-01-18 00:00:00+00:00,17.37,17.38,17.87,17.28,17.67,439624000.00
2023-01-19 00:00:00+00:00,16.75,16.76,17.20,16.73,17.04,452932000.00
2023-01-20 00:00:00+00:00,17.83,17.84,17.86,16.83,17.01,564967000.00
2023-01-23 00:00:00+00:00,19.18,19.19,19.25,17.82,18.06,655163000.00
2023-01-24 00:00:00+00:00,19.25,19.26,19.50,18.82,18.83,496204000.00
2023-01-25 00:00:00+00:00,19.31,19.32,19.37,18.58,18.91,449537000.00
2023-01-26 00:00:00+00:00,19.79,19.80,20.17,19.28,19.70,489535000.00
2023-01-27 00:00:00+00:00,20.35,20.36,20.63,19.41,19.46,542142000.00
2023-01-30 00:00:00+00:00,19.15,19.16,20.14,19.15,19.95,488611000.00
2023-01-31 00:00:00+00:00,19.52,19.54,19.69,18.95,19.17,498017000.00
2023-02-01 00:00:00+00:00,20.93,20.94,21.19,19.61,19.69,660477000.00
2023-02-02 00:00:00+00:00,21.69,21.71,21.95,20.70,21.00,564276000.00
2023-02-03 00:00:00+00:00,21.09,21.10,21.75,20.79,21.00,429366000.00
2023-02-06 00:00:00+00:00,21.08,21.09,21.57,20.79,20.81,452197000.00
2023-02-07 00:00:00+00:00,22.16,22.17,22.26,21.15,21.38,664150000.00
2023-02-08 00:00:00+00:00,22.19,22.20,22.88,22.01,22.39,559651000.00
2023-02-09 00:00:00+00:00,22.32,22.34,23.02,22.12,22.61,523876000.00
2023-02-10 00:00:00+00:00,21.25,21.26,22.08,20.81,21.69,550737000.00
2023-02-13 00:00:00+00:00,21.77,21.79,22.05,20.96,21.54,474919000.00
2023-02-14 00:00:00+00:00,22.96,22.97,23.05,21.37,21.58,675474000.00
2023-02-15 00:00:00+00:00,22.75,22.76,22.85,22.11,22.55,420575000.00
2023-02-16 00:00:00+00:00,21.99,22.00,22.55,21.93,22.13,412026000.00
2023-02-17 00:00:00+00:00,21.37,21.39,21.74,20.98,21.63,465888000.00
2023-02-21 00:00:00+00:00,20.64,20.66,21.49,20.62,21.00,410015000.00
2023-02-22 00:00:00+00:00,20.74,20.75,21.10,20.42,20.71,513184000.00
2023-02-23 00:00:00+00:00,23.65,23.66,23.89,23.02,23.44,1117995000.00
2023-02-24 00:00:00+00:00,23.27,23.29,23.47,22.95,23.23,589716000.00
2023-02-27 00:00:00+00:00,23.49,23.50,23.88,23.45,23.67,452994000.00
2023-02-28 00:00:00+00:00,23.20,23.22,23.83,23.21,23.37,455963000.00
2023-03-01 00:00:00+00:00,22.68,22.70,23.26,22.51,23.19,460026000.00
2023-03-02 00:00:00+00:00,23.30,23.31,23.38,22.43,22.49,389415000.00
2023-03-03 00:00:00+00:00,23.87,23.89,23.90,23.13,23.32,412393000.00
2023-03-06 00:00:00+00:00,23.54,23.55,24.25,23.49,23.89,437429000.00
2023-03-07 00:00:00+00:00,23.28,23.29,24.13,23.24,23.60,515154000.00
2023-03-08 00:00:00+00:00,24.17,24.18,24.20,23.42,23.49,513573000.00
2023-03-09 00:00:00+00:00,23.42,23.44,24.45,23.38,24.17,501257000.00
2023-03-10 00:00:00+00:00,22.95,22.97,23.63,22.73,23.41,474866000.00
2023-03-13 00:00:00+00:00,22.95,22.97,23.30,22.30,22.75,421890000.00
2023-03-14 00:00:00+00:00,24.05,24.06,24.22,23.46,23.50,474910000.00
2023-03-15 00:00:00+00:00,24.22,24.23,24.29,23.36,23.76,524486000.00
2023-03-16 00:00:00+00:00,25.53,25.54,25.59,23.89,24.03,583253000.00
2023-03-17 00:00:00+00:00,25.71,25.73,26.40,25.67,25.98,848547000.00
2023-03-20 00:00:00+00:00,25.89,25.90,26.02,25.13,25.61,432747000.00
2023-03-21 00:00:00+00:00,26.19,26.20,26.39,25.38,26.18,547408000.00
2023-03-22 00:00:00+00:00,26.46,26.47,27.59,26.24,26.42,797295000.00
2023-03-23 00:00:00+00:00,27.18,27.19,27.50,26.69,27.11,564889000.00
2023-03-24 00:00:00+00:00,26.77,26.78,27.17,26.35,27.03,454920000.00
2023-03-27 00:00:00+00:00,26.52,26.53,27.00,26.36,26.84,361026000.00
2023-03-28 00:00:00+00:00,26.40,26.41,26.51,25.85,26.45,356104000.00
2023-03-29 00:00:00+00:00,26.97,26.98,27.08,26.60,26.83,393694000.00
2023-03-30 00:00:00+00:00,27.37,27.38,27.50,27.10,27.23,364516000.00
2023-03-31 00:00:00+00:00,27.76,27.78,27.83,27.10,27.14,433933000.00
2023-04-03 00:00:00+00:00,27.95,27.97,28.00,27.34,27.51,398716000.00
2023-04-04 00:00:00+00:00,27.44,27.45,28.00,27.31,27.97,368592000.00
2023-04-05 00:00:00+00:00,26.87,26.88,27.00,26.40,26.83,515015000.00
2023-04-06 00:00:00+00:00,27.02,27.04,27.08,26.43,26.58,397654000.00
2023-04-10 00:00:00+00:00,27.57,27.58,27.62,26.67,26.82,395279000.00
2023-04-11 00:00:00+00:00,27.16,27.17,27.79,27.13,27.72,314378000.00
2023-04-12 00:00:00+00:00,26.48,26.50,27.47,26.45,27.37,446259000.00
2023-04-13 00:00:00+00:00,26.45,26.46,26.89,26.33,26.73,353615000.00
2023-04-14 00:00:00+00:00,26.74,26.76,26.88,26.22,26.50,395660000.00
2023-04-17 00:00:00+00:00,26.99,27.00,27.01,26.43,26.57,321471000.00
2023-04-18 00:00:00+00:00,27.65,27.67,28.11,27.36,27.53,604812000.00
2023-04-19 00:00:00+00:00,27.92,27.93,28.00,27.23,27.36,358660000.00
2023-04-20 00:00:00+00:00,27.09,27.10,28.03,27.00,27.67,427713000.00
2023-04-21 00:00:00+00:00,27.11,27.12,27.18,26.72,26.95,345103000.00
2023-04-24 00:00:00+00:00,27.03,27.04,27.37,26.67,27.01,339282000.00
2023-04-25 00:00:00+00:00,26.23,26.24,27.25,26.23,27.08,378527000.00
2023-04-26 00:00:00+00:00,26.94,26.96,27.33,26.70,27.00,406337000.00
2023-04-27 00:00:00+00:00,27.21,27.23,27.50,26.63,27.36,377161000.00
2023-04-28 00:00:00+00:00,27.74,27.75,27.76,27.07,27.23,292216000.00
2023-05-01 00:00:00+00:00,28.90,28.91,29.06,27.78,27.84,570329000.00
2023-05-02 00:00:00+00:00,28.20,28.21,28.84,28.08,28.68,402730000.00
2023-05-03 00:00:00+00:00,27.79,27.80,28.37,27.47,27.84,383387000.00
2023-05-04 00:00:00+00:00,27.55,27.56,27.86,27.24,27.65,321850000.00
2023-05-05 00:00:00+00:00,28.67,28.68,28.75,27.73,27.83,361494000.00
2023-05-08 00:00:00+00:00,29.14,29.15,29.22,28.35,28.52,344979000.00
2023-05-09 00:00:00+00:00,28.56,28.57,28.97,28.45,28.90,314869000.00
2023-05-10 00:00:00+00:00,28.87,28.89,29.11,28.46,29.00,369350000.00
2023-05-11 00:00:00+00:00,28.56,28.58,28.95,28.25,28.90,322149000.00
2023-05-12 00:00:00+00:00,28.33,28.34,28.78,28.05,28.53,274222000.00
2023-05-15 00:00:00+00:00,28.94,28.95,28.97,28.15,28.51,293926000.00
2023-05-16 00:00:00+00:00,29.20,29.21,29.87,28.83,28.84,449405000.00
2023-05-17 00:00:00+00:00,30.16,30.18,30.20,29.43,29.58,432535000.00
2023-05-18 00:00:00+00:00,31.66,31.68,31.83,30.32,30.41,748725000.00
2023-05-19 00:00:00+00:00,31.25,31.26,31.58,30.92,31.54,473908000.00
2023-05-22 00:00:00+00:00,31.16,31.18,31.52,30.68,30.90,372000000.00
2023-05-23 00:00:00+00:00,30.67,30.69,31.29,30.63,31.00,356253000.00
2023-05-24 00:00:00+00:00,30.52,30.54,30.61,29.81,30.21,721419000.00
2023-05-25 00:00:00+00:00,37.96,37.98,39.48,36.63,38.52,1543911000.00
2023-05-26 00:00:00+00:00,38.93,38.95,39.17,37.55,37.89,714397000.00
2023-05-30 00:00:00+00:00,40.09,40.11,41.94,39.95,40.60,923401000.00
2023-05-31 00:00:00+00:00,37.82,37.83,40.29,37.82,39.49,1002580000.00
2023-06-01 00:00:00+00:00,39.75,39.77,40.05,38.34,38.49,635873000.00
2023-06-02 00:00:00+00:00,39.31,39.33,40.50,39.06,40.10,482731000.00
2023-06-05 00:00:00+00:00,39.15,39.17,39.56,38.71,38.91,396094000.00
2023-06-06 00:00:00+00:00,38.64,38.65,39.16,38.15,38.83,388729000.00
2023-06-07 00:00:00+00:00,37.46,37.47,39.50,37.36,38.92,511998000.00
2023-06-08 00:00:00+00:00,38.50,38.51,38.86,37.51,37.72,417772000.00
2023-06-09 00:00:00+00:00,38.76,38.77,39.71,38.57,39.04,427717000.00
2023-06-12 00:00:00+00:00,39.47,39.48,39.53,38.62,39.20,388701000.00
2023-06-13 00:00:00+00:00,41.01,41.02,41.10,39.74,40.19,613208000.00
2023-06-14 00:00:00+00:00,42.98,43.00,43.00,40.55,40.82,740465000.00
2023-06-15 00:00:00+00:00,42.64,42.65,43.29,42.15,42.60,568622000.00
2023-06-16 00:00:00+00:00,42.68,42.69,43.72,42.66,43.45,655709000.00
2023-06-20 00:00:00+00:00,43.79,43.81,43.99,42.67,43.00,451153000.00
2023-06-21 00:00:00+00:00,43.03,43.04,43.62,42.08,43.50,551603000.00
2023-06-22 00:00:00+00:00,43.01,43.03,43.43,42.23,42.25,417737000.00
2023-06-23 00:00:00+00:00,42.19,42.21,42.81,42.01,42.46,358140000.00
2023-06-26 00:00:00+00:00,40.62,40.63,42.76,40.10,42.46,594322000.00
2023-06-27 00:00:00+00:00,41.86,41.88,41.94,40.45,40.80,462175000.00
2023-06-28 00:00:00+00:00,41.10,41.12,41.85,40.52,40.66,582639000.00
2023-06-29 00:00:00+00:00,40.81,40.82,41.60,40.60,41.56,380514000.00
2023-06-30 00:00:00+00:00,42.29,42.30,42.55,41.50,41.68,501148000.00
2023-07-03 00:00:00+00:00,42.40,42.41,42.90,42.20,42.52,198209000.00
2023-07-05 00:00:00+00:00,42.30,42.32,43.18,42.08,42.13,323618000.00
2023-07-06 00:00:00+00:00,42.09,42.10,42.18,41.35,41.84,303582000.00
2023-07-07 00:00:00+00:00,42.49,42.50,43.21,42.18,42.32,355881000.00
2023-07-10 00:00:00+00:00,42.16,42.18,42.81,41.65,42.66,353908000.00
2023-07-11 00:00:00+00:00,42.39,42.40,42.76,42.07,42.48,298244000.00
2023-07-12 00:00:00+00:00,43.89,43.90,43.94,42.78,43.03,481277000.00
2023-07-13 00:00:00+00:00,45.96,45.98,46.15,44.49,44.52,478204000.00
2023-07-14 00:00:00+00:00,45.45,45.47,48.09,45.06,46.58,772075000.00
2023-07-17 00:00:00+00:00,46.44,46.46,46.50,45.26,46.29,510488000.00
2023-07-18 00:00:00+00:00,47.48,47.49,47.90,45.73,46.70,569164000.00
2023-07-19 00:00:00+00:00,47.06,47.08,47.82,46.74,47.46,427502000.00
2023-07-20 00:00:00+00:00,45.50,45.52,47.09,45.06,46.51,537865000.00
2023-07-21 00:00:00+00:00,44.29,44.31,45.87,44.10,45.79,963769000.00
2023-07-24 00:00:00+00:00,44.59,44.61,45.11,44.04,44.73,382516000.00
2023-07-25 00:00:00+00:00,45.66,45.68,46.18,44.92,44.94,348081000.00
2023-07-26 00:00:00+00:00,45.43,45.45,46.05,44.63,46.02,364237000.00
2023-07-27 00:00:00+00:00,45.88,45.90,47.40,45.75,46.52,455976000.00
2023-07-28 00:00:00+00:00,46.73,46.75,47.03,46.38,46.67,331194000.00
2023-07-31 00:00:00+00:00,46.71,46.73,47.13,46.51,46.75,251055000.00
2023-08-01 00:00:00+00:00,46.49,46.51,46.90,46.03,46.46,237858000.00
2023-08-02 00:00:00+00:00,44.25,44.27,45.84,43.39,45.83,530142000.00
2023-08-03 00:00:00+00:00,44.50,44.51,45.12,43.80,43.80,324176000.00
2023-08-04 00:00:00+00:00,44.66,44.68,45.64,44.39,44.99,362666000.00
2023-08-07 00:00:00+00:00,45.40,45.42,45.54,44.56,45.11,322154000.00
2023-08-08 00:00:00+00:00,44.65,44.66,45.24,44.06,44.85,353843000.00
2023-08-09 00:00:00+00:00,42.54,42.55,44.31,42.13,44.27,586449000.00
2023-08-10 00:00:00+00:00,42.37,42.39,43.57,41.83,42.16,492705000.00
2023-08-11 00:00:00+00:00,40.84,40.85,42.02,40.64,41.75,533085000.00
2023-08-14 00:00:00+00:00,43.74,43.75,43.80,40.31,40.49,690286000.00
2023-08-15 00:00:00+00:00,43.92,43.94,45.27,43.71,44.56,676512000.00
2023-08-16 00:00:00+00:00,43.47,43.49,44.67,43.41,44.52,527451000.00
2023-08-17 00:00:00+00:00,43.33,43.34,44.06,43.00,43.97,452395000.00
2023-08-18 00:00:00+00:00,43.28,43.30,43.58,41.66,42.63,583768000.00
2023-08-21 00:00:00+00:00,46.95,46.97,47.06,44.22,44.49,692573000.00
2023-08-22 00:00:00+00:00,45.65,45.67,48.19,45.33,48.13,755293000.00
2023-08-23 00:00:00+00:00,47.10,47.12,47.20,45.21,45.87,779046000.00
2023-08-24 00:00:00+00:00,47.14,47.16,50.27,47.16,50.22,1156044000.00
2023-08-25 00:00:00+00:00,46.00,46.02,47.81,45.02,47.01,925341000.00
2023-08-28 00:00:00+00:00,46.82,46.83,46.98,44.89,46.48,685192000.00
2023-08-29 00:00:00+00:00,48.77,48.78,49.08,46.39,46.67,701397000.00
2023-08-30 00:00:00+00:00,49.25,49.26,49.93,48.42,49.04,735206000.00
2023-08-31 00:00:00+00:00,49.34,49.35,49.74,48.96,49.38,528570000.00
2023-09-01 00:00:00+00:00,48.49,48.51,49.80,48.14,49.76,463830000.00
2023-09-05 00:00:00+00:00,48.53,48.55,48.85,47.86,48.22,382653000.00
2023-09-06 00:00:00+00:00,47.05,47.06,48.55,46.58,48.44,468670000.00
2023-09-07 00:00:00+00:00,46.23,46.24,46.34,45.15,45.53,433330000.00
2023-09-08 00:00:00+00:00,45.56,45.57,46.61,45.27,45.94,473069000.00
2023-09-11 00:00:00+00:00,45.16,45.18,46.16,44.31,46.15,473966000.00
2023-09-12 00:00:00+00:00,44.86,44.87,45.67,44.53,44.74,349256000.00
2023-09-13 00:00:00+00:00,45.47,45.49,45.93,44.50,44.60,398355000.00
2023-09-14 00:00:00+00:00,45.57,45.58,45.99,45.13,45.95,370097000.00
2023-09-15 00:00:00+00:00,43.89,43.90,45.60,43.81,45.34,506831000.00
2023-09-18 00:00:00+00:00,43.95,43.97,44.24,42.00,42.75,500271000.00
2023-09-19 00:00:00+00:00,43.51,43.52,43.97,43.00,43.83,373064000.00
2023-09-20 00:00:00+00:00,42.23,42.24,43.90,42.22,43.60,367108000.00
2023-09-21 00:00:00+00:00,41.00,41.02,42.10,40.98,41.58,450736000.00
2023-09-22 00:00:00+00:00,41.60,41.61,42.12,41.23,41.57,479236000.00
2023-09-25 00:00:00+00:00,42.21,42.22,42.54,41.18,41.59,419091000.00
2023-09-26 00:00:00+00:00,41.90,41.91,42.82,41.65,42.00,402282000.00
2023-09-27 00:00:00+00:00,42.46,42.47,42.87,41.63,42.33,444935000.00
2023-09-28 00:00:00+00:00,43.08,43.09,43.45,42.12,42.46,424663000.00
2023-09-29 00:00:00+00:00,43.49,43.50,44.14,43.31,43.83,397830000.00
2023-10-02 00:00:00+00:00,44.77,44.78,45.17,43.86,44.03,433298000.00
2023-10-03 00:00:00+00:00,43.50,43.52,45.13,43.25,44.81,470850000.00
2023-10-04 00:00:00+00:00,44.03,44.04,44.14,43.29,43.74,361821000.00
2023-10-05 00:00:00+00:00,44.67,44.69,44.90,43.89,44.05,393483000.00
2023-10-06 00:00:00+00:00,45.75,45.76,45.79,44.03,44.19,434436000.00
2023-10-09 00:00:00+00:00,45.26,45.27,45.60,44.37,44.84,409675000.00
2023-10-10 00:00:00+00:00,45.78,45.80,46.26,45.09,45.31,368582000.00
2023-10-11 00:00:00+00:00,46.79,46.81,46.86,46.05,46.20,378137000.00
2023-10-12 00:00:00+00:00,46.93,46.94,47.61,46.33,46.78,481325000.00
2023-10-13 00:00:00+00:00,45.45,45.46,47.12,45.28,46.96,474115000.00
2023-10-16 00:00:00+00:00,46.08,46.10,46.22,44.91,45.06,375099000.00
2023-10-17 00:00:00+00:00,43.92,43.94,44.75,42.48,44.00,812333000.00
2023-10-18 00:00:00+00:00,42.18,42.20,43.22,41.83,42.59,627294000.00
2023-10-19 00:00:00+00:00,42.09,42.10,43.30,41.88,42.81,501233000.00
2023-10-20 00:00:00+00:00,41.37,41.39,42.47,41.08,41.89,477266000.00
2023-10-23 00:00:00+00:00,42.96,42.97,43.25,40.94,41.23,478530000.00
2023-10-24 00:00:00+00:00,43.65,43.66,43.70,42.69,43.08,401463000.00
2023-10-25 00:00:00+00:00,41.77,41.78,43.65,41.56,43.40,398379000.00
2023-10-26 00:00:00+00:00,40.31,40.33,42.26,39.88,41.85,541001000.00
2023-10-27 00:00:00+00:00,40.49,40.50,41.21,40.01,41.13,416784000.00
2023-10-30 00:00:00+00:00,41.15,41.16,41.77,40.48,41.09,388028000.00
2023-10-31 00:00:00+00:00,40.77,40.78,40.88,39.23,40.45,517969000.00
2023-11-01 00:00:00+00:00,42.31,42.33,42.38,40.87,40.88,437593000.00
2023-11-02 00:00:00+00:00,43.49,43.51,43.88,42.89,43.33,409172000.00
2023-11-03 00:00:00+00:00,44.99,45.01,45.31,43.72,44.02,424610000.00
2023-11-06 00:00:00+00:00,45.74,45.75,45.94,44.90,45.28,400733000.00
2023-11-07 00:00:00+00:00,45.94,45.96,46.22,45.16,45.72,343165000.00
2023-11-08 00:00:00+00:00,46.56,46.57,46.87,45.97,46.10,346719000.00
2023-11-09 00:00:00+00:00,46.94,46.95,48.23,46.75,47.47,540496000.00
2023-11-10 00:00:00+00:00,48.32,48.33,48.47,47.28,47.50,421245000.00
2023-11-13 00:00:00+00:00,48.61,48.62,49.12,48.10,48.32,384136000.00
2023-11-14 00:00:00+00:00,49.64,49.66,49.83,49.04,49.68,416954000.00
2023-11-15 00:00:00+00:00,48.87,48.89,49.96,48.20,49.94,475497000.00
2023-11-16 00:00:00+00:00,49.47,49.48,49.53,48.33,48.68,339756000.00
2023-11-17 00:00:00+00:00,49.28,49.30,49.72,49.01,49.52,325205000.00
2023-11-20 00:00:00+00:00,50.39,50.41,50.55,49.18,49.31,414120000.00
2023-11-21 00:00:00+00:00,49.93,49.94,50.52,49.22,50.13,565747000.00
2023-11-22 00:00:00+00:00,48.70,48.72,50.33,47.69,49.85,899420000.00
2023-11-24 00:00:00+00:00,47.76,47.78,48.92,47.74,48.47,294645000.00
2023-11-27 00:00:00+00:00,48.23,48.24,48.53,47.65,47.80,395662000.00
2023-11-28 00:00:00+00:00,47.81,47.82,48.32,47.47,48.24,401491000.00
2023-11-29 00:00:00+00:00,48.13,48.14,48.76,47.86,48.38,382005000.00
2023-11-30 00:00:00+00:00,46.76,46.77,48.11,46.42,48.02,526247000.00
2023-12-01 00:00:00+00:00,46.75,46.76,47.20,46.19,46.53,369317000.00
2023-12-04 00:00:00+00:00,45.50,45.51,46.08,45.01,46.08,437543000.00
2023-12-05 00:00:00+00:00,46.56,46.57,46.60,45.27,45.47,371718000.00
2023-12-06 00:00:00+00:00,45.49,45.50,47.39,45.41,47.22,380590000.00
2023-12-07 00:00:00+00:00,46.59,46.60,46.63,45.60,45.70,350823000.00
2023-12-08 00:00:00+00:00,47.50,47.51,47.74,46.55,46.60,359224000.00
2023-12-11 00:00:00+00:00,46.62,46.63,47.53,45.83,47.49,509728000.00
2023-12-12 00:00:00+00:00,47.65,47.66,47.67,46.05,46.05,372387000.00
2023-12-13 00:00:00+00:00,48.08,48.09,48.59,47.61,47.63,447792000.00
2023-12-14 00:00:00+00:00,48.34,48.35,48.67,47.42,48.39,391232000.00
2023-12-15 00:00:00+00:00,48.88,48.89,49.40,48.12,48.19,479948000.00
2023-12-18 00:00:00+00:00,50.07,50.08,50.43,49.15,49.40,412587000.00
2023-12-19 00:00:00+00:00,49.59,49.60,49.70,48.90,49.42,464444000.00
2023-12-20 00:00:00+00:00,48.10,48.11,50.00,48.10,49.65,397894000.00
2023-12-21 00:00:00+00:00,48.98,48.99,49.10,48.42,48.81,300425000.00
2023-12-22 00:00:00+00:00,48.82,48.83,49.38,48.47,49.19,252507000.00
2023-12-26 00:00:00+00:00,49.27,49.28,49.60,48.96,48.97,244200000.00
2023-12-27 00:00:00+00:00,49.41,49.42,49.68,49.08,49.51,233648000.00
2023-12-28 00:00:00+00:00,49.51,49.52,49.88,49.41,49.64,246587000.00
2023-12-29 00:00:00+00:00,49.51,49.52,50.00,48.75,49.81,389293000.00
2024-01-02 00:00:00+00:00,48.16,48.17,49.29,47.60,49.24,411254000.00
2024-01-03 00:00:00+00:00,47.56,47.57,48.18,47.32,47.49,320896000.00
2024-01-04 00:00:00+00:00,47.99,48.00,48.50,47.51,47.77,306535000.00
2024-01-05 00:00:00+00:00,49.09,49.10,49.55,48.31,48.46,415039000.00
2024-01-08 00:00:00+00:00,52.24,52.25,52.28,49.48,49.51,642510000.00
2024-01-09 00:00:00+00:00,53.13,53.14,54.33,51.69,52.40,773100000.00
2024-01-10 00:00:00+00:00,54.34,54.35,54.60,53.49,53.62,533796000.00
2024-01-11 00:00:00+00:00,54.81,54.82,55.35,53.56,55.00,596759000.00
2024-01-12 00:00:00+00:00,54.70,54.71,54.97,54.33,54.62,352994000.00
2024-01-16 00:00:00+00:00,56.37,56.38,56.83,54.90,55.02,449580000.00
2024-01-17 00:00:00+00:00,56.04,56.05,56.47,54.74,56.35,474394000.00
2024-01-18 00:00:00+00:00,57.09,57.11,57.60,56.11,57.26,491650000.00
2024-01-19 00:00:00+00:00,59.48,59.49,59.50,57.22,57.99,543501000.00
2024-01-22 00:00:00+00:00,59.64,59.65,60.33,59.07,60.05,452955000.00
2024-01-23 00:00:00+00:00,59.86,59.87,59.91,58.58,59.57,294654000.00
2024-01-24 00:00:00+00:00,61.35,61.36,62.85,59.94,60.30,560271000.00
2024-01-25 00:00:00+00:00,61.60,61.62,62.72,60.85,62.35,482777000.00
2024-01-26 00:00:00+00:00,61.02,61.03,61.78,60.57,60.96,390309000.00
2024-01-29 00:00:00+00:00,62.45,62.47,62.49,60.91,61.23,348733000.00
2024-01-30 00:00:00+00:00,62.76,62.77,63.49,62.26,62.90,410735000.00
2024-01-31 00:00:00+00:00,61.51,61.53,62.27,60.70,61.44,453795000.00
2024-02-01 00:00:00+00:00,63.01,63.03,63.19,61.65,62.10,369146000.00
2024-02-02 00:00:00+00:00,66.15,66.16,66.60,63.69,63.97,476578000.00
2024-02-05 00:00:00+00:00,69.32,69.33,69.50,67.21,68.22,680078000.00
2024-02-06 00:00:00+00:00,68.21,68.22,69.75,66.30,69.63,683111000.00
2024-02-07 00:00:00+00:00,70.08,70.10,70.22,67.60,68.32,495575000.00
2024-02-08 00:00:00+00:00,69.63,69.64,70.79,69.46,70.07,414422000.00
2024-02-09 00:00:00+00:00,72.12,72.13,72.18,70.21,70.53,436637000.00
2024-02-12 00:00:00+00:00,72.23,72.25,74.61,71.25,72.60,613710000.00
2024-02-13 00:00:00+00:00,72.11,72.13,73.45,69.62,70.40,602580000.00
2024-02-14 00:00:00+00:00,73.88,73.90,74.24,71.94,73.20,504917000.00
2024-02-15 00:00:00+00:00,72.64,72.66,73.97,72.40,73.87,420122000.00
2024-02-16 00:00:00+00:00,72.60,72.61,74.40,72.50,74.10,495327000.00
2024-02-20 00:00:00+00:00,69.44,69.45,71.96,67.73,71.95,704833000.00
2024-02-21 00:00:00+00:00,67.46,67.47,68.89,66.25,68.01,690298000.00
2024-02-22 00:00:00+00:00,78.52,78.54,78.57,74.22,75.03,865100000.00
2024-02-23 00:00:00+00:00,78.80,78.82,82.39,77.57,80.79,829388000.00
2024-02-26 00:00:00+00:00,79.08,79.09,80.65,78.50,79.70,503973000.00
2024-02-27 00:00:00+00:00,78.68,78.70,79.48,77.16,79.38,391705000.00
2024-02-28 00:00:00+00:00,77.65,77.66,78.93,77.13,77.62,393110000.00
2024-02-29 00:00:00+00:00,79.10,79.11,79.99,78.35,79.09,507289000.00
2024-03-01 00:00:00+00:00,82.26,82.28,82.30,79.43,80.00,479135000.00
2024-03-04 00:00:00+00:00,85.22,85.24,87.69,83.72,84.13,615616000.00
2024-03-05 00:00:00+00:00,85.95,85.96,86.10,83.42,85.27,520639000.00
2024-03-06 00:00:00+00:00,88.69,88.70,89.72,87.03,88.02,582520000.00
2024-03-07 00:00:00+00:00,92.65,92.67,92.77,89.60,90.16,608119000.00
2024-03-08 00:00:00+00:00,87.51,87.53,97.40,86.51,95.14,1142269000.00
2024-03-11 00:00:00+00:00,85.76,85.77,88.80,84.17,86.43,678364000.00
2024-03-12 00:00:00+00:00,91.90,91.91,91.96,86.15,88.05,668075000.00
2024-03-13 00:00:00+00:00,90.87,90.89,91.50,88.43,91.06,635713000.00
2024-03-14 00:00:00+00:00,87.93,87.94,90.65,86.60,89.58,602318000.00
2024-03-15 00:00:00+00:00,87.82,87.84,89.55,86.26,86.93,642086000.00
2024-03-18 00:00:00+00:00,88.44,88.46,92.40,87.08,90.39,668976000.00
2024-03-19 00:00:00+00:00,89.38,89.40,90.54,85.01,86.70,672171000.00
2024-03-20 00:00:00+00:00,90.36,90.37,90.41,88.22,89.80,479063000.00
2024-03-21 00:00:00+00:00,91.42,91.43,92.65,90.40,92.30,480372000.00
2024-03-22 00:00:00+00:00,94.27,94.29,94.78,90.83,91.14,586719000.00
2024-03-25 00:00:00+00:00,94.99,95.00,96.77,93.51,93.94,552136000.00
2024-03-26 00:00:00+00:00,92.55,92.56,96.38,92.50,95.85,513648000.00
2024-03-27 00:00:00+00:00,90.23,90.25,93.24,89.12,93.11,586067000.00
2024-03-28 00:00:00+00:00,90.34,90.36,91.30,89.19,90.00,435212000.00
2024-04-01 00:00:00+00:00,90.35,90.36,92.22,89.20,90.30,452441000.00
2024-04-02 00:00:00+00:00,89.44,89.45,90.09,87.62,88.45,433064000.00
2024-04-03 00:00:00+00:00,88.95,88.96,90.37,88.40,88.48,370067000.00
2024-04-04 00:00:00+00:00,85.89,85.90,90.63,85.88,90.41,434965000.00
2024-04-05 00:00:00+00:00,87.99,88.01,88.48,85.93,86.87,399678000.00
2024-04-08 00:00:00+00:00,87.12,87.13,88.83,86.73,88.70,283220000.00
2024-04-09 00:00:00+00:00,85.34,85.35,87.64,83.02,87.44,503547000.00
2024-04-10 00:00:00+00:00,87.02,87.04,87.40,83.71,83.93,431929000.00
2024-04-11 00:00:00+00:00,90.60,90.62,90.74,86.93,87.42,431637000.00
2024-04-12 00:00:00+00:00,88.17,88.19,90.18,87.53,89.70,426805000.00
2024-04-15 00:00:00+00:00,85.99,86.00,90.61,85.93,89.10,443077000.00
2024-04-16 00:00:00+00:00,87.40,87.42,88.12,86.06,86.43,370453000.00
2024-04-17 00:00:00+00:00,84.02,84.04,88.78,83.95,88.34,495400000.00
2024-04-18 00:00:00+00:00,84.66,84.67,86.19,82.40,84.97,447260000.00
2024-04-19 00:00:00+00:00,76.19,76.20,84.32,75.61,83.15,875198000.00
2024-04-22 00:00:00+00:00,79.50,79.52,80.07,76.40,78.10,596341000.00
2024-04-23 00:00:00+00:00,82.41,82.42,82.77,80.26,80.77,438559000.00
2024-04-24 00:00:00+00:00,79.66,79.68,84.08,79.18,83.95,512208000.00
2024-04-25 00:00:00+00:00,82.62,82.63,83.32,78.22,78.87,424641000.00
2024-04-26 00:00:00+00:00,87.72,87.74,88.33,83.39,83.82,551011000.00
2024-04-29 00:00:00+00:00,87.74,87.76,87.99,85.27,87.60,388971000.00
2024-04-30 00:00:00+00:00,86.39,86.40,88.82,86.30,87.24,363709000.00
2024-05-01 00:00:00+00:00,83.03,83.04,86.00,81.25,85.08,559863000.00
2024-05-02 00:00:00+00:00,85.80,85.82,86.24,83.20,84.45,377898000.00
2024-05-03 00:00:00+00:00,88.77,88.79,89.28,87.04,87.79,398341000.00
2024-05-06 00:00:00+00:00,92.12,92.14,92.22,89.06,89.39,376203000.00
2024-05-07 00:00:00+00:00,90.54,90.55,91.78,89.01,91.10,437342000.00
2024-05-08 00:00:00+00:00,90.40,90.41,91.19,89.42,89.48,325721000.00
2024-05-09 00:00:00+00:00,88.73,88.75,91.07,88.23,90.53,378013000.00
2024-05-10 00:00:00+00:00,89.86,89.88,91.40,89.23,90.31,335325000.00
2024-05-13 00:00:00+00:00,90.38,90.40,91.00,88.53,90.48,289680000.00
2024-05-14 00:00:00+00:00,91.34,91.36,91.65,88.93,89.60,296507000.00
2024-05-15 00:00:00+00:00,94.61,94.63,94.86,91.60,92.47,417735000.00
2024-05-16 00:00:00+00:00,94.34,94.36,95.82,94.10,94.91,323952000.00
2024-05-17 00:00:00+00:00,92.46,92.48,94.74,91.81,94.37,359691000.00
2024-05-20 00:00:00+00:00,94.76,94.78,95.20,93.44,93.75,318764000.00
2024-05-21 00:00:00+00:00,95.37,95.39,95.40,93.18,93.60,328946000.00
2024-05-22 00:00:00+00:00,94.93,94.95,96.02,93.25,95.46,548648000.00
2024-05-23 00:00:00+00:00,103.78,103.80,106.32,101.52,102.03,835065000.00
2024-05-24 00:00:00+00:00,106.45,106.47,106.47,103.00,104.45,429494000.00
2024-05-28 00:00:00+00:00,113.88,113.90,114.94,109.88,110.24,652728000.00
2024-05-29 00:00:00+00:00,114.81,114.82,115.49,110.90,113.05,557442000.00
2024-05-30 00:00:00+00:00,110.48,110.50,115.82,109.66,114.65,487350000.00
2024-05-31 00:00:00+00:00,109.61,109.63,112.72,106.94,112.52,613263000.00
2024-06-03 00:00:00+00:00,114.98,115.00,115.00,112.00,113.62,438392000.00
2024-06-04 00:00:00+00:00,116.42,116.44,116.60,114.04,115.72,403324000.00
2024-06-05 00:00:00+00:00,122.42,122.44,122.45,117.47,118.37,528402000.00
2024-06-06 00:00:00+00:00,120.98,121.00,125.59,118.32,124.05,664696000.00
2024-06-07 00:00:00+00:00,120.87,120.89,121.69,118.02,119.77,412386000.00
2024-06-10 00:00:00+00:00,121.77,121.79,123.10,117.01,120.37,314162700.00
2024-06-11 00:00:00+00:00,120.90,120.91,122.87,118.74,121.77,222551200.00
2024-06-12 00:00:00+00:00,125.19,125.20,126.88,122.57,123.06,299595000.00
2024-06-13 00:00:00+00:00,129.60,129.61,129.80,127.16,129.39,260704500.00
2024-06-14 00:00:00+00:00,131.87,131.88,132.84,128.32,129.96,309320400.00
2024-06-17 00:00:00+00:00,130.97,130.98,133.73,129.58,132.99,288504400.00
2024-06-18 00:00:00+00:00,135.57,135.58,136.33,130.69,131.14,294335100.00
2024-06-20 00:00:00+00:00,130.77,130.78,140.76,129.52,139.80,517768400.00
2024-06-21 00:00:00+00:00,126.56,126.57,130.63,124.30,127.12,655484700.00
2024-06-24 00:00:00+00:00,118.10,118.11,124.46,118.04,123.24,476060900.00
2024-06-25 00:00:00+00:00,126.08,126.09,126.50,119.32,121.20,425787500.00
2024-06-26 00:00:00+00:00,126.39,126.40,128.12,122.60,126.13,362975900.00
2024-06-27 00:00:00+00:00,123.98,123.99,126.41,122.92,124.10,252571700.00
2024-06-28 00:00:00+00:00,123.53,123.54,127.71,122.75,124.58,315516700.00
2024-07-01 00:00:00+00:00,124.29,124.30,124.84,118.83,123.47,284885500.00
2024-07-02 00:00:00+00:00,122.66,122.67,123.41,121.03,121.13,218374000.00
2024-07-03 00:00:00+00:00,128.27,128.28,128.28,121.36,121.66,215749000.00
2024-07-05 00:00:00+00:00,125.82,125.83,128.85,125.68,127.38,214176700.00
2024-07-08 00:00:00+00:00,128.19,128.20,130.77,127.04,127.49,237677300.00
2024-07-09 00:00:00+00:00,131.37,131.38,133.82,128.65,130.35,285366600.00
2024-07-10 00:00:00+00:00,134.90,134.91,135.10,132.42,134.03,248978600.00
2024-07-11 00:00:00+00:00,127.39,127.40,136.15,127.05,135.75,374782700.00
2024-07-12 00:00:00+00:00,129.23,129.24,131.92,127.22,128.26,252680500.00
2024-07-15 00:00:00+00:00,128.43,128.44,131.39,127.18,130.56,208326200.00
2024-07-16 00:00:00+00:00,126.35,126.36,129.04,124.58,128.44,214769500.00
2024-07-17 00:00:00+00:00,117.98,117.99,121.85,116.72,121.35,390086200.00
2024-07-18 00:00:00+00:00,121.08,121.09,122.40,116.56,121.85,320979500.00
2024-07-19 00:00:00+00:00,117.92,117.93,121.60,117.37,120.35,217223800.00
2024-07-22 00:00:00+00:00,123.53,123.54,124.07,119.86,120.35,258068900.00
2024-07-23 00:00:00+00:00,122.58,122.59,124.69,122.10,122.78,173911000.00
2024-07-24 00:00:00+00:00,114.24,114.25,119.95,113.44,119.17,327776900.00
2024-07-25 00:00:00+00:00,112.27,112.28,116.63,106.30,113.04,460067000.00
2024-07-26 00:00:00+00:00,113.05,113.06,116.20,111.58,116.19,293399100.00
2024-07-29 00:00:00+00:00,111.58,111.59,116.28,111.30,113.69,248152100.00
2024-07-30 00:00:00+00:00,103.72,103.73,111.99,102.54,111.52,486833300.00
2024-07-31 00:00:00+00:00,117.01,117.02,118.34,110.88,112.90,473174200.00
2024-08-01 00:00:00+00:00,109.20,109.21,120.16,106.81,117.53,523462300.00
2024-08-02 00:00:00+00:00,107.26,107.27,108.72,101.37,103.76,482027500.00
2024-08-05 00:00:00+00:00,100.44,100.45,103.41,90.69,92.06,552842400.00
2024-08-06 00:00:00+00:00,104.24,104.25,107.71,100.55,103.84,409012100.00
2024-08-07 00:00:00+00:00,98.90,98.91,108.80,98.69,107.81,411440400.00
2024-08-08 00:00:00+00:00,104.96,104.97,105.50,97.52,102.00,391910000.00
2024-08-09 00:00:00+00:00,104.74,104.75,106.60,103.43,105.64,290844200.00
2024-08-12 00:00:00+00:00,109.01,109.02,111.07,106.26,106.32,325559900.00
2024-08-13 00:00:00+00:00,116.13,116.14,116.23,111.58,112.44,312646700.00
2024-08-14 00:00:00+00:00,118.07,118.08,118.60,114.07,118.53,339246400.00
2024-08-15 00:00:00+00:00,122.85,122.86,123.24,117.47,118.76,318086700.00
2024-08-16 00:00:00+00:00,124.57,124.58,125.00,121.18,121.94,302589900.00
2024-08-19 00:00:00+00:00,129.99,130.00,130.00,123.42,124.28,318333600.00
2024-08-20 00:00:00+00:00,127.24,127.25,129.88,125.89,128.40,300087400.00
2024-08-21 00:00:00+00:00,128.49,128.50,129.35,126.66,127.32,257883600.00
2024-08-22 00:00:00+00:00,123.73,123.74,130.75,123.10,130.02,376189100.00
2024-08-23 00:00:00+00:00,129.36,129.37,129.60,125.22,125.86,323230300.00
2024-08-26 00:00:00+00:00,126.45,126.46,131.26,124.37,129.57,331964700.00
2024-08-27 00:00:00+00:00,128.29,128.30,129.20,123.88,125.05,303134600.00
2024-08-28 00:00:00+00:00,125.60,125.61,128.33,122.64,128.12,448101100.00
2024-08-29 00:00:00+00:00,117.58,117.59,124.43,116.71,121.36,453023300.00
2024-08-30 00:00:00+00:00,119.36,119.37,121.75,117.22,119.53,333751600.00
2024-09-03 00:00:00+00:00,107.99,108.00,116.21,107.29,116.01,477155100.00
2024-09-04 00:00:00+00:00,106.20,106.21,113.27,104.12,105.41,372470300.00
2024-09-05 00:00:00+00:00,107.20,107.21,109.65,104.76,104.99,306850700.00
2024-09-06 00:00:00+00:00,102.82,102.83,108.15,100.95,108.04,413638100.00
2024-09-09 00:00:00+00:00,106.46,106.47,106.55,103.69,104.88,273912000.00
2024-09-10 00:00:00+00:00,108.09,108.10,109.40,104.95,107.81,268283700.00
2024-09-11 00:00:00+00:00,116.90,116.91,117.19,107.42,109.39,441422400.00
2024-09-12 00:00:00+00:00,119.14,119.14,120.79,115.38,116.84,367100500.00
2024-09-13 00:00:00+00:00,119.10,119.10,119.96,117.60,119.08,238358300.00
2024-09-16 00:00:00+00:00,116.78,116.78,118.18,114.36,116.79,248772300.00
2024-09-17 00:00:00+00:00,115.59,115.59,118.80,114.83,118.17,231925900.00
2024-09-18 00:00:00+00:00,113.37,113.37,117.70,113.22,115.89,310318900.00
2024-09-19 00:00:00+00:00,117.87,117.87,119.66,117.25,117.35,293506400.00
2024-09-20 00:00:00+00:00,116.00,116.00,118.62,115.39,117.06,382462400.00
2024-09-23 00:00:00+00:00,116.26,116.26,116.99,114.86,116.55,206228500.00
2024-09-24 00:00:00+00:00,120.87,120.87,121.80,115.38,116.52,354966800.00
2024-09-25 00:00:00+00:00,123.51,123.51,124.94,121.61,122.02,284692900.00
2024-09-26 00:00:00+00:00,124.04,124.04,127.67,121.80,126.80,302582900.00
2024-09-27 00:00:00+00:00,121.40,121.40,124.03,119.26,123.97,271009200.00
2024-09-30 00:00:00+00:00,121.44,121.44,121.50,118.15,118.31,226553700.00
2024-10-01 00:00:00+00:00,117.00,117.00,122.44,115.79,121.77,302094500.00
2024-10-02 00:00:00+00:00,118.85,118.85,119.38,115.14,116.44,221845900.00
2024-10-03 00:00:00+00:00,122.85,122.85,124.36,120.34,120.92,277118000.00
2024-10-04 00:00:00+00:00,124.92,124.92,125.04,121.83,124.94,243678100.00
2024-10-07 00:00:00+00:00,127.72,127.72,130.64,124.95,124.99,346250200.00
2024-10-08 00:00:00+00:00,132.89,132.89,133.48,129.42,130.26,285722500.00
2024-10-09 00:00:00+00:00,132.65,132.65,134.52,131.38,134.11,246191600.00
2024-10-10 00:00:00+00:00,134.81,134.81,135.00,131.00,131.91,242311300.00
2024-10-11 00:00:00+00:00,134.80,134.80,135.78,133.66,134.01,170209500.00
2024-10-14 00:00:00+00:00,138.07,138.07,139.60,136.30,136.47,232347700.00
2024-10-15 00:00:00+00:00,131.60,131.60,138.57,128.74,137.87,377831000.00
2024-10-16 00:00:00+00:00,135.72,135.72,136.62,131.58,133.98,264879700.00
2024-10-17 00:00:00+00:00,136.93,136.93,140.89,136.87,139.34,306435900.00
2024-10-18 00:00:00+00:00,138.00,138.00,138.90,137.28,138.67,176090200.00
2024-10-21 00:00:00+00:00,143.71,143.71,143.71,138.00,138.13,264554500.00
2024-10-22 00:00:00+00:00,143.59,143.59,144.42,141.78,142.91,226311600.00
2024-10-23 00:00:00+00:00,139.56,139.56,142.43,137.46,142.03,285930000.00
2024-10-24 00:00:00+00:00,140.41,140.41,141.35,138.46,140.82,172354900.00
2024-10-25 00:00:00+00:00,141.54,141.54,144.13,140.80,140.93,205122100.00
2024-10-28 00:00:00+00:00,140.52,140.52,143.14,140.05,143.00,173586700.00
2024-10-29 00:00:00+00:00,141.25,141.25,142.26,138.90,140.29,157593600.00
2024-10-30 00:00:00+00:00,139.34,139.34,140.33,136.81,139.54,179418100.00
2024-10-31 00:00:00+00:00,132.76,132.76,137.61,132.11,137.60,270039600.00
2024-11-01 00:00:00+00:00,135.40,135.40,137.31,134.57,134.70,207127800.00
2024-11-04 00:00:00+00:00,136.05,136.05,138.96,135.57,137.21,187528200.00
2024-11-05 00:00:00+00:00,139.91,139.91,140.37,137.33,137.45,160537400.00
2024-11-06 00:00:00+00:00,145.61,145.61,146.49,141.96,142.96,242043900.00
2024-11-07 00:00:00+00:00,148.88,148.88,148.93,146.17,146.39,207323300.00
2024-11-08 00:00:00+00:00,147.63,147.63,149.77,146.26,148.77,175665800.00
2024-11-11 00:00:00+00:00,145.26,145.26,148.85,143.57,148.68,182325600.00
2024-11-12 00:00:00+00:00,148.29,148.29,149.65,146.01,146.78,198634700.00
2024-11-13 00:00:00+00:00,146.27,146.27,149.33,145.90,149.07,191903300.00
